POLYMER_USED,DRUG,WATER_PH,CONCENTRATION,CAPACITY,SOURCE,ANALYZED_BY,PAPER,HAS_POLYMER,HAS_MOLECULE,HAS_WATER_PH,HAS_CONCENTRATION,HAS_CAPACITY,POLYMER_PSMILES,DRUG_SMILES
"""Poly (ethylene glycol) Diacrylate Hydroxyethyl Methacrylate""","""Rh B""",NaN,100,3.73,"""[61]""",deepseek-v4-flash (pdf2text),3D-Printed_Structured_Adsorbents_for_Wastewater_Treatment_Balancing_Hierarchical_Pore_Design_and_Mechanical_Robustness,yes,yes,no,yes,yes,,
"""Polyvinylidene Fluoride Derived Porous Carbon""","""Bisphenol A""",NaN,NaN,122.5,"""[108]""",deepseek-v4-flash (pdf2text),3D-Printed_Structured_Adsorbents_for_Wastewater_Treatment_Balancing_Hierarchical_Pore_Design_and_Mechanical_Robustness,yes,yes,no,no,yes,,
PCL/5%SA filament,Cu,NaN,0.17,11.5,Table 1,deepseek-v4-flash (pdf2text),3D_printed_composites_from_heat_extruded_polycaprolactonesodium_alginate_filaments_and_their_heavy_metal_adsorption_properties,yes,yes,no,yes,yes,,
PCL/5%SA filament,Cu,NaN,1,13.4,Table 1,deepseek-v4-flash (pdf2text),3D_printed_composites_from_heat_extruded_polycaprolactonesodium_alginate_filaments_and_their_heavy_metal_adsorption_properties,yes,yes,no,yes,yes,,
PCL/15%SA filament,Cu,NaN,0.17,17.3,Table 1,deepseek-v4-flash (pdf2text),3D_printed_composites_from_heat_extruded_polycaprolactonesodium_alginate_filaments_and_their_heavy_metal_adsorption_properties,yes,yes,no,yes,yes,,
PCL/15%SA filament,Cu,NaN,1,17.9,Table 1,deepseek-v4-flash (pdf2text),3D_printed_composites_from_heat_extruded_polycaprolactonesodium_alginate_filaments_and_their_heavy_metal_adsorption_properties,yes,yes,no,yes,yes,,
PCL/30%SA filament,Cu,NaN,0.17,39.2,Table 1,deepseek-v4-flash (pdf2text),3D_printed_composites_from_heat_extruded_polycaprolactonesodium_alginate_filaments_and_their_heavy_metal_adsorption_properties,yes,yes,no,yes,yes,,
PCL/30%SA filament,Cu,NaN,1,23.2,Table 1,deepseek-v4-flash (pdf2text),3D_printed_composites_from_heat_extruded_polycaprolactonesodium_alginate_filaments_and_their_heavy_metal_adsorption_properties,yes,yes,no,yes,yes,,
PCL/15%SA 3D pen,Cu,NaN,0.17,20.5,Table 1,deepseek-v4-flash (pdf2text),3D_printed_composites_from_heat_extruded_polycaprolactonesodium_alginate_filaments_and_their_heavy_metal_adsorption_properties,yes,yes,no,yes,yes,,
PCL/15%SA FDM 3D printer,Cu,NaN,0.17,14.3,Table 1,deepseek-v4-flash (pdf2text),3D_printed_composites_from_heat_extruded_polycaprolactonesodium_alginate_filaments_and_their_heavy_metal_adsorption_properties,yes,yes,no,yes,yes,,
PCL/15%SA growing robot,Cu,NaN,0.17,15.7,Table 1,deepseek-v4-flash (pdf2text),3D_printed_composites_from_heat_extruded_polycaprolactonesodium_alginate_filaments_and_their_heavy_metal_adsorption_properties,yes,yes,no,yes,yes,,
Chitosan,Victoria Blue,NaN,NaN,683.34,Table 2 (This work),deepseek-v4-flash (pdf2text),A_combined_experimental_and_modeling_approach_to_elucidate_the_adsorption_mechanism_for_sustainable_water_treatment_via_In2S3-anchored_chitosan,yes,yes,no,no,yes,,
Chitosan,Victoria Blue,NaN,3.36,696.19,Table 5 (298K),deepseek-v4-flash (pdf2text),A_combined_experimental_and_modeling_approach_to_elucidate_the_adsorption_mechanism_for_sustainable_water_treatment_via_In2S3-anchored_chitosan,yes,yes,no,yes,yes,,
Chitosan,Victoria Blue,NaN,3.15,638.50,Table 5 (308K),deepseek-v4-flash (pdf2text),A_combined_experimental_and_modeling_approach_to_elucidate_the_adsorption_mechanism_for_sustainable_water_treatment_via_In2S3-anchored_chitosan,yes,yes,no,yes,yes,,
Chitosan,Victoria Blue,NaN,3.58,629.06,Table 5 (318K),deepseek-v4-flash (pdf2text),A_combined_experimental_and_modeling_approach_to_elucidate_the_adsorption_mechanism_for_sustainable_water_treatment_via_In2S3-anchored_chitosan,yes,yes,no,yes,yes,,
Chitosan,Victoria Blue,NaN,3.88,606.99,Table 5 (328K),deepseek-v4-flash (pdf2text),A_combined_experimental_and_modeling_approach_to_elucidate_the_adsorption_mechanism_for_sustainable_water_treatment_via_In2S3-anchored_chitosan,yes,yes,no,yes,yes,,
Chitosan,Victoria Blue,NaN,100,279.32,Effect of catalyst dosage (12 mg),deepseek-v4-flash (pdf2text),A_combined_experimental_and_modeling_approach_to_elucidate_the_adsorption_mechanism_for_sustainable_water_treatment_via_In2S3-anchored_chitosan,yes,yes,no,yes,yes,,
Succinic anhydride grafted nanocellulose,Cr(VI),NaN,NaN,156.25,[47],deepseek-v4-flash (pdf2text),A_comprehensive_review_of_cellulose_nanomaterials_for_adsorption_of_wastewater_pollutants_focus_on_dye_and_heavy_metal_Cr_adsorption_and_oilwater_separation,yes,yes,no,no,yes,,
PDA-CNF-PEI aerogel,Methyl Orange,4.41,NaN,265.9,[94],deepseek-v4-flash (pdf2text),A_comprehensive_review_of_cellulose_nanomaterials_for_adsorption_of_wastewater_pollutants_focus_on_dye_and_heavy_metal_Cr_adsorption_and_oilwater_separation,yes,yes,yes,no,yes,,
PDA-CNF-PEI aerogel,Methyl Orange,10.2,NaN,218.3,[94],deepseek-v4-flash (pdf2text),A_comprehensive_review_of_cellulose_nanomaterials_for_adsorption_of_wastewater_pollutants_focus_on_dye_and_heavy_metal_Cr_adsorption_and_oilwater_separation,yes,yes,yes,no,yes,,
CNF/GnP hybrid aerogel,Methylene Blue,NaN,NaN,1178.5,[95],deepseek-v4-flash (pdf2text),A_comprehensive_review_of_cellulose_nanomaterials_for_adsorption_of_wastewater_pollutants_focus_on_dye_and_heavy_metal_Cr_adsorption_and_oilwater_separation,yes,yes,no,no,yes,,
CNF/GnP hybrid aerogel,Congo Red,NaN,NaN,585.3,[95],deepseek-v4-flash (pdf2text),A_comprehensive_review_of_cellulose_nanomaterials_for_adsorption_of_wastewater_pollutants_focus_on_dye_and_heavy_metal_Cr_adsorption_and_oilwater_separation,yes,yes,no,no,yes,,C1=CC=C2C(=C1)C(=CC(=C2N)N=NC3=CC=C(C=C3)C4=CC=C(C=C4)N=NC5=C(C6=CC=CC=C6C(=C5)S(=O)(=O)[O-])N)S(=O)(=O)[O-].[Na+].[Na+]
Chitosan,Cr(VI),2,NaN,61.56,Dinh et al. (2020),deepseek-v4-flash (pdf2text),A_comprehensive_review_on_synthesis_and_application_of_nanocomposites_for_adsorption_of_chromium_status_and_future_prospective,yes,yes,yes,no,yes,,
Polypyrrole,Cr(VI),2,25,202.02,Katata-Seru et al. (2020),deepseek-v4-flash (pdf2text),A_comprehensive_review_on_synthesis_and_application_of_nanocomposites_for_adsorption_of_chromium_status_and_future_prospective,yes,yes,yes,yes,yes,,
Polyaniline,Cr(VI),2,NaN,409.77,Long et al. (2021),deepseek-v4-flash (pdf2text),A_comprehensive_review_on_synthesis_and_application_of_nanocomposites_for_adsorption_of_chromium_status_and_future_prospective,yes,yes,yes,no,yes,,
Polyaniline,Cr(VI),NaN,NaN,250,Singh and Rachna (2020),deepseek-v4-flash (pdf2text),A_comprehensive_review_on_synthesis_and_application_of_nanocomposites_for_adsorption_of_chromium_status_and_future_prospective,yes,yes,no,no,yes,,
Hypercrosslinked polymer,benzene,NaN,NaN,0.553,Long et al.,deepseek-v4-flash (pdf2text),A_critical_review_on_VOCs_adsorption_by_different_porous_materials_Species_mechanisms_and_modification_methods,yes,yes,no,no,yes,,
Hypercrosslinked polymer,n-hexane,NaN,NaN,0.955,"""Zhang et al.",deepseek-v4-flash (pdf2text),A_critical_review_on_VOCs_adsorption_by_different_porous_materials_Species_mechanisms_and_modification_methods,yes,yes,no,no,yes,,
Hypercrosslinked polymer,dichloromethane,NaN,NaN,1343,"""Zhang et al.",deepseek-v4-flash (pdf2text),A_critical_review_on_VOCs_adsorption_by_different_porous_materials_Species_mechanisms_and_modification_methods,yes,yes,no,no,yes,,
Hypercrosslinked polymer,2-butanone,NaN,NaN,1.130,"""Zhang et al.",deepseek-v4-flash (pdf2text),A_critical_review_on_VOCs_adsorption_by_different_porous_materials_Species_mechanisms_and_modification_methods,yes,yes,no,no,yes,,
Hypercrosslinked polymer,benzene,NaN,800,137.4,Wang et al.,deepseek-v4-flash (pdf2text),A_critical_review_on_VOCs_adsorption_by_different_porous_materials_Species_mechanisms_and_modification_methods,yes,yes,no,yes,yes,,
chitosan,methylene blue,NaN,NaN,13.70,10.1038/s41598-026-36875-7,deepseek-v4-flash (pdf2text),A_novel_composite_of_chitosan_and_Bacillus_subtilis_exopolysaccharide_for_the_removal_of_methylene_blue_from_aqueous_solutions,yes,yes,no,no,yes,,
chitosan/EPS composite,methylene blue,NaN,NaN,14.26,10.1038/s41598-026-36875-7,deepseek-v4-flash (pdf2text),A_novel_composite_of_chitosan_and_Bacillus_subtilis_exopolysaccharide_for_the_removal_of_methylene_blue_from_aqueous_solutions,yes,yes,no,no,yes,,
chitosan,methylene blue,7,50,43.23,10.1038/s41598-026-36875-7,deepseek-v4-flash (pdf2text),A_novel_composite_of_chitosan_and_Bacillus_subtilis_exopolysaccharide_for_the_removal_of_methylene_blue_from_aqueous_solutions,yes,yes,yes,yes,yes,,
chitosan/EPS composite,methylene blue,7,50,41.53,10.1038/s41598-026-36875-7,deepseek-v4-flash (pdf2text),A_novel_composite_of_chitosan_and_Bacillus_subtilis_exopolysaccharide_for_the_removal_of_methylene_blue_from_aqueous_solutions,yes,yes,yes,yes,yes,,
Chitosan / Ammi visnaga,Brilliant Green,4,15,96,10.1515/eces-2018-0017,deepseek-v4-flash (pdf2text),A_Novelhybrid_Bio-System_for_Wastewater_Treatment_Using_Algerian_Agricultural_Wastes,yes,yes,yes,yes,yes,,
Chitosan / Ammi visnaga,Brilliant Green,4,20,96,10.1515/eces-2018-0017,deepseek-v4-flash (pdf2text),A_Novelhybrid_Bio-System_for_Wastewater_Treatment_Using_Algerian_Agricultural_Wastes,yes,yes,yes,yes,yes,,
Chitosan / Ammi visnaga,Brilliant Green,4,25,96,10.1515/eces-2018-0017,deepseek-v4-flash (pdf2text),A_Novelhybrid_Bio-System_for_Wastewater_Treatment_Using_Algerian_Agricultural_Wastes,yes,yes,yes,yes,yes,,
Chitosan,Brilliant Green,4,NaN,50,10.1515/eces-2018-0017,deepseek-v4-flash (pdf2text),A_Novelhybrid_Bio-System_for_Wastewater_Treatment_Using_Algerian_Agricultural_Wastes,yes,yes,yes,no,yes,,
"""Cellulose","Collagen & Lignin""","""E2""","""3.94 - 7.29""","""10 - 300""","""0.5 - 10.1""",deepseek-v4-flash (pdf2text),A_review_of_adsorbents_engineered_from_biological_materials_developed_to_remediate_estrogen_pollution_in_the_environment,yes,yes,yes,yes,yes,,
Chitosan-calcium alginate beads,phenol,NaN,NaN,108.69,Nadavala et al. 2009,deepseek-v4-flash (pdf2text),A_Review_of_Chitosan-Based_Materials_for_the_Removal_of_Organic_Pollution_from_Water_and_Bioaugmentation,yes,yes,no,no,yes,,
Chitosan-calcium alginate beads,o-chlorophenol,NaN,NaN,97.08,Nadavala et al. 2009,deepseek-v4-flash (pdf2text),A_Review_of_Chitosan-Based_Materials_for_the_Removal_of_Organic_Pollution_from_Water_and_Bioaugmentation,yes,yes,no,no,yes,,
Chitosan (CS),phenol,NaN,NaN,2,Li et al. 2009,deepseek-v4-flash (pdf2text),A_Review_of_Chitosan-Based_Materials_for_the_Removal_of_Organic_Pollution_from_Water_and_Bioaugmentation,yes,yes,no,no,yes,,
Molybdate-impregnated chitosan beads (MICB),diheptyl phthalate,NaN,NaN,3.01,Chen and Chung 2007,deepseek-v4-flash (pdf2text),A_Review_of_Chitosan-Based_Materials_for_the_Removal_of_Organic_Pollution_from_Water_and_Bioaugmentation,yes,yes,no,no,yes,,
Chitosan flakes,crude oil,NaN,NaN,0.379,Barros et al. 2014,deepseek-v4-flash (pdf2text),A_Review_of_Chitosan-Based_Materials_for_the_Removal_of_Organic_Pollution_from_Water_and_Bioaugmentation,yes,yes,no,no,yes,,
Chitosan solution,crude oil,NaN,NaN,0.013,Barros et al. 2014,deepseek-v4-flash (pdf2text),A_Review_of_Chitosan-Based_Materials_for_the_Removal_of_Organic_Pollution_from_Water_and_Bioaugmentation,yes,yes,no,no,yes,,
Chitosan,oil,NaN,NaN,17.96,Ummadisingu and Gupta 2012,deepseek-v4-flash (pdf2text),A_Review_of_Chitosan-Based_Materials_for_the_Removal_of_Organic_Pollution_from_Water_and_Bioaugmentation,yes,yes,no,no,yes,,
Superhydrophobic/superoleophilic chitosan sponge,oil,NaN,NaN,60,Su et al. 2017,deepseek-v4-flash (pdf2text),A_Review_of_Chitosan-Based_Materials_for_the_Removal_of_Organic_Pollution_from_Water_and_Bioaugmentation,yes,yes,no,no,yes,,
Magnetic carboxylated cellulose nanocrystals (M-CCNs),ofloxacin,7,50-900,58.48,[133],deepseek-v4-flash (pdf2text),A_review_of_the_antibiotic_ofloxacin_Current_status_of_ecotoxicology_and_scientific_advances_in_its_removal_from_aqueous_systems_by_adsorption_technology,yes,yes,yes,yes,yes,,CC1COC2=C3N1C=C(C(=O)C3=CC(=C2N4CCN(CC4)C)F)C(=O)O
CS-sodium alginate composite,Acid Black-172,NaN,NaN,817,[97],deepseek-v4-flash (pdf2text),A_review_on_decontamination_of_aqueous_systems_using_chitosan-derived_adsorbents,yes,yes,no,no,yes,,
CS-sodium alginate composite,methylene blue,NaN,NaN,1488.1,[97],deepseek-v4-flash (pdf2text),A_review_on_decontamination_of_aqueous_systems_using_chitosan-derived_adsorbents,yes,yes,no,no,yes,,
PAA/alginate,Methylene blue,NaN,NaN,120,[103],deepseek-v4-flash (pdf2text),A_review_on_decontamination_of_aqueous_systems_using_chitosan-derived_adsorbents,yes,yes,no,no,yes,,
CS-/electrospun sodium alginate composite,Acid blue-113,NaN,NaN,926,[103],deepseek-v4-flash (pdf2text),A_review_on_decontamination_of_aqueous_systems_using_chitosan-derived_adsorbents,yes,yes,no,no,yes,,
CS-/electrospun sodium alginate composite,Rhodamine B,NaN,NaN,695,[103],deepseek-v4-flash (pdf2text),A_review_on_decontamination_of_aqueous_systems_using_chitosan-derived_adsorbents,yes,yes,no,no,yes,,
biopolymer composite comprised of chitosan/ polyethylene amine/ polyethylene glycol and diglycidyl ether,Congo red,NaN,NaN,2901,[42],deepseek-v4-flash (pdf2text),A_review_on_decontamination_of_aqueous_systems_using_chitosan-derived_adsorbents,yes,yes,no,no,yes,,C1=CC=C2C(=C1)C(=CC(=C2N)N=NC3=CC=C(C=C3)C4=CC=C(C=C4)N=NC5=C(C6=CC=CC=C6C(=C5)S(=O)(=O)[O-])N)S(=O)(=O)[O-].[Na+].[Na+]
biopolymer composite comprised of chitosan/ polyethylene amine/ polyethylene glycol and diglycidyl ether,Acid-25,NaN,NaN,3434,[42],deepseek-v4-flash (pdf2text),A_review_on_decontamination_of_aqueous_systems_using_chitosan-derived_adsorbents,yes,yes,no,no,yes,,
biopolymer composite comprised of chitosan/ polyethylene amine/ polyethylene glycol and diglycidyl ether,Amino black-10B,NaN,NaN,1438,[42],deepseek-v4-flash (pdf2text),A_review_on_decontamination_of_aqueous_systems_using_chitosan-derived_adsorbents,yes,yes,no,no,yes,,
Sugarcane bagasse-based polyaminocarboxylated hydrochar,methylene blue,5,NaN,1060.5,[87],deepseek-v4-flash (pdf2text),A_review_on_the_recent_advances_in_the_use_of_hydrochar_for_adsorption_of_methylene_blue_dye_from_aqueous_systems,yes,yes,yes,no,yes,,
starch-HNT composite,methylene blue,NaN,NaN,604,10.1039/d2va00274d,deepseek-v4-flash (pdf2text),A_starch_based_sustainable_bio-hybrid_composite_for_surface_assimilation_of_methylene_blue_preparation_characterization_and_adsorption_study,yes,yes,no,no,yes,,
starch-HNT composite,methylene blue,4.5,NaN,470,10.1039/d2va00274d,deepseek-v4-flash (pdf2text),A_starch_based_sustainable_bio-hybrid_composite_for_surface_assimilation_of_methylene_blue_preparation_characterization_and_adsorption_study,yes,yes,yes,no,yes,,
starch-HNT composite,methylene blue,5.5,NaN,604,10.1039/d2va00274d,deepseek-v4-flash (pdf2text),A_starch_based_sustainable_bio-hybrid_composite_for_surface_assimilation_of_methylene_blue_preparation_characterization_and_adsorption_study,yes,yes,yes,no,yes,,
starch-HNT composite,methylene blue,6.5,NaN,534,10.1039/d2va00274d,deepseek-v4-flash (pdf2text),A_starch_based_sustainable_bio-hybrid_composite_for_surface_assimilation_of_methylene_blue_preparation_characterization_and_adsorption_study,yes,yes,yes,no,yes,,
starch-HNT composite,methylene blue,NaN,25,8.2,10.1039/d2va00274d,deepseek-v4-flash (pdf2text),A_starch_based_sustainable_bio-hybrid_composite_for_surface_assimilation_of_methylene_blue_preparation_characterization_and_adsorption_study,yes,yes,no,yes,yes,,
starch-HNT composite,methylene blue,NaN,50,16.4,10.1039/d2va00274d,deepseek-v4-flash (pdf2text),A_starch_based_sustainable_bio-hybrid_composite_for_surface_assimilation_of_methylene_blue_preparation_characterization_and_adsorption_study,yes,yes,no,yes,yes,,
starch-HNT composite,methylene blue,NaN,75,24.6,10.1039/d2va00274d,deepseek-v4-flash (pdf2text),A_starch_based_sustainable_bio-hybrid_composite_for_surface_assimilation_of_methylene_blue_preparation_characterization_and_adsorption_study,yes,yes,no,yes,yes,,
hydrogel-II,Pb(II),6,5,24.5,Wang et al.,deepseek-v4-flash (pdf2text),A_study_on_a_fixed-bed_for_Pb_scpiiscp_removal_by_modified_alkaline_lignin-sodium_alginate_composite_hydrogel,yes,yes,yes,yes,yes,,[Pb+2]
hydrogel-II,Pb(II),6,10,15.7,Wang et al.,deepseek-v4-flash (pdf2text),A_study_on_a_fixed-bed_for_Pb_scpiiscp_removal_by_modified_alkaline_lignin-sodium_alginate_composite_hydrogel,yes,yes,yes,yes,yes,,[Pb+2]
hydrogel-II,Pb(II),6,20,60.5,Wang et al.,deepseek-v4-flash (pdf2text),A_study_on_a_fixed-bed_for_Pb_scpiiscp_removal_by_modified_alkaline_lignin-sodium_alginate_composite_hydrogel,yes,yes,yes,yes,yes,,[Pb+2]
"""activated lignin-chitosan extruded blend (ALiCE)""","""methylene blue""",7,10.15,4.601,"""Albadarin et al. (2016) Chem. Eng. J. 307",deepseek-v4-flash (pdf2text),Activated_lignin-chitosan_extruded_blends_for_efficient_adsorption_of_methylene_blue,yes,yes,yes,yes,yes,,
"""activated lignin-chitosan extruded blend (ALiCE)""","""methylene blue""",7,19.37,8.137,"""Albadarin et al. (2016) Chem. Eng. J. 307",deepseek-v4-flash (pdf2text),Activated_lignin-chitosan_extruded_blends_for_efficient_adsorption_of_methylene_blue,yes,yes,yes,yes,yes,,
"""activated lignin-chitosan extruded blend (ALiCE)""","""methylene blue""",7,33.77,14.08,"""Albadarin et al. (2016) Chem. Eng. J. 307",deepseek-v4-flash (pdf2text),Activated_lignin-chitosan_extruded_blends_for_efficient_adsorption_of_methylene_blue,yes,yes,yes,yes,yes,,
"""activated lignin-chitosan extruded blend (ALiCE)""","""methylene blue""",7,40.02,16.13,"""Albadarin et al. (2016) Chem. Eng. J. 307",deepseek-v4-flash (pdf2text),Activated_lignin-chitosan_extruded_blends_for_efficient_adsorption_of_methylene_blue,yes,yes,yes,yes,yes,,
"""activated lignin-chitosan extruded blend (ALiCE)""","""methylene blue""",7,59.37,22.98,"""Albadarin et al. (2016) Chem. Eng. J. 307",deepseek-v4-flash (pdf2text),Activated_lignin-chitosan_extruded_blends_for_efficient_adsorption_of_methylene_blue,yes,yes,yes,yes,yes,,
"""activated lignin-chitosan extruded blend (ALiCE)""","""methylene blue""",7,82.01,27.90,"""Albadarin et al. (2016) Chem. Eng. J. 307",deepseek-v4-flash (pdf2text),Activated_lignin-chitosan_extruded_blends_for_efficient_adsorption_of_methylene_blue,yes,yes,yes,yes,yes,,
UiO-66/GT@PVA-SA,Reactive Black 5,NaN,NaN,0.491,"""maximum adsorption capacity of biocomposite for RB5 dye in this study was found to be 0.491 mg g-1""",deepseek-v4-flash (pdf2text),Adsorption_and_decolorization_study_of_reactive_black_5_by_immobilized_metalorganic_framework_of_UiO-66_andiGloeophyllum_trabeumifungus,yes,yes,no,no,yes,,
UiO-66/GT@PVA-SA,Reactive Black 5,NaN,50,0.077,"""Table 4 ... Qe",deepseek-v4-flash (pdf2text),Adsorption_and_decolorization_study_of_reactive_black_5_by_immobilized_metalorganic_framework_of_UiO-66_andiGloeophyllum_trabeumifungus,yes,yes,no,yes,yes,,
potassium carrageenan,methylene blue,6.5,100,89.7,10.1007/s13369-022-07075-y,deepseek-v4-flash (pdf2text),Adsorption_and_Photo-Fenton_Degradation_of_Methylene_Blue_Using_NanomagnetitePotassium_Carrageenan_Bio-Composite_Beads,yes,yes,yes,yes,yes,,
potassium carrageenan,methylene blue,,,168.10,10.1007/s13369-022-07075-y,deepseek-v4-flash (pdf2text),Adsorption_and_Photo-Fenton_Degradation_of_Methylene_Blue_Using_NanomagnetitePotassium_Carrageenan_Bio-Composite_Beads,yes,yes,no,no,yes,,
chitosan,CHCl3,6.8,50,51,Fig.4,deepseek-v4-flash (pdf2text),Adsorption_Application_for_Removal_of_Hazardous_Chloroform_from_Aqueous_Solution_by_Nanocomposites_RectoriteChitosan_Adsorbent,yes,yes,yes,yes,yes,,
chitosan,Direct Orange 2GL,5.50,50,24.955,10.1590/S1517-707620200004.1143,deepseek-v4-flash (pdf2text),Adsorption_in_Jar-Test_system_a_study_of_the_physico-chemical_interactions_of_the_chitosan_biopolymer_with_the_textile_dye_DO_2GL,yes,yes,yes,yes,yes,,
chitosan,Direct Orange 2GL,6.50,50,24.615,10.1590/S1517-707620200004.1143,deepseek-v4-flash (pdf2text),Adsorption_in_Jar-Test_system_a_study_of_the_physico-chemical_interactions_of_the_chitosan_biopolymer_with_the_textile_dye_DO_2GL,yes,yes,yes,yes,yes,,
cellulose dinitrobenzoate,creatinine,7,225,3.88,Dai et al. 2015,deepseek-v4-flash (pdf2text),Adsorption_Kinetics_and_Thermodynamics_of_Cellulose_Dinitrobenzoate_Prepared_in_Ionic_Liquid_for_the_Removal_Of_Creatinine,yes,yes,yes,yes,yes,,
cellulose dinitrobenzoate,creatinine,7,100,1.246,Dai et al. 2015,deepseek-v4-flash (pdf2text),Adsorption_Kinetics_and_Thermodynamics_of_Cellulose_Dinitrobenzoate_Prepared_in_Ionic_Liquid_for_the_Removal_Of_Creatinine,yes,yes,yes,yes,yes,,
Cross-linked porous polyimide,Acid orange 10,3,500,599,SN Applied Sciences (2019) 1:239,deepseek-v4-flash (pdf2text),Adsorption_of_acid_orange_10_on_cross-linked_porous_polyimide,yes,yes,yes,yes,yes,,
Cross-linked porous polyimide,Acid orange 10,3,200,377,SN Applied Sciences (2019) 1:239,deepseek-v4-flash (pdf2text),Adsorption_of_acid_orange_10_on_cross-linked_porous_polyimide,yes,yes,yes,yes,yes,,
Cross-linked porous polyimide,Acid orange 10,7,200,26,SN Applied Sciences (2019) 1:239,deepseek-v4-flash (pdf2text),Adsorption_of_acid_orange_10_on_cross-linked_porous_polyimide,yes,yes,yes,yes,yes,,
Cross-linked porous polyimide,Acid orange 10,3,NaN,833.33,SN Applied Sciences (2019) 1:239,deepseek-v4-flash (pdf2text),Adsorption_of_acid_orange_10_on_cross-linked_porous_polyimide,yes,yes,yes,no,yes,,
Cross-linked porous polyimide,Acid orange 10,7,NaN,29.4724,SN Applied Sciences (2019) 1:239,deepseek-v4-flash (pdf2text),Adsorption_of_acid_orange_10_on_cross-linked_porous_polyimide,yes,yes,yes,no,yes,,
PVA/CMC/GEL/ZSM-5,Rhodamine B,10,10,4.85,10.21203/rs.3.rs-1191111/v1,deepseek-v4-flash (pdf2text),Adsorption_of_Anionic_Dye_Onto_ZSM-5_Zeolite-based_Bio_Membrane_Characterizations_Kinetics_and_Adsorption_Isotherm,yes,yes,yes,yes,yes,,
CS-PAN,Acid Red,3.0,200,5.0e-5,Table 4,deepseek-v4-flash (pdf2text),ADSORPTION_OF_ANIONIC_DYES_ON_CORN_STALKS_MODIFIED_BY_POLYANILINE_KINETICS_AND_THERMODYNAMIC_STUDIES,yes,yes,yes,yes,yes,,
CS-PAN,Acid Orange,3.0,200,7.6e-5,Table 4,deepseek-v4-flash (pdf2text),ADSORPTION_OF_ANIONIC_DYES_ON_CORN_STALKS_MODIFIED_BY_POLYANILINE_KINETICS_AND_THERMODYNAMIC_STUDIES,yes,yes,yes,yes,yes,,
CS-PAN,Acid Red,3.0,NaN,7.0e-5,Table 5,deepseek-v4-flash (pdf2text),ADSORPTION_OF_ANIONIC_DYES_ON_CORN_STALKS_MODIFIED_BY_POLYANILINE_KINETICS_AND_THERMODYNAMIC_STUDIES,yes,yes,yes,no,yes,,
CS-PAN,Acid Orange,3.0,NaN,9.8e-5,Table 5,deepseek-v4-flash (pdf2text),ADSORPTION_OF_ANIONIC_DYES_ON_CORN_STALKS_MODIFIED_BY_POLYANILINE_KINETICS_AND_THERMODYNAMIC_STUDIES,yes,yes,yes,no,yes,,
SDS-chitosan,Cr(III),4,NaN,3.42,Journal of Environmental Protection,deepseek-v4-flash (pdf2text),Adsorption_of_CrIII_from_an_Aqueous_Solution_by_Chitosan_Beads_Modified_with_Sodium_Dodecyl_Sulfate_SDS,yes,yes,yes,no,yes,,
SDS-chitosan,Cr(III),4,1,0.69,Journal of Environmental Protection,deepseek-v4-flash (pdf2text),Adsorption_of_CrIII_from_an_Aqueous_Solution_by_Chitosan_Beads_Modified_with_Sodium_Dodecyl_Sulfate_SDS,yes,yes,yes,yes,yes,,
water-based polyacrylic resin,Cr(VI),2,1,0.0731,10.1038/s41598-025-19662-8,deepseek-v4-flash (pdf2text),Adsorption_of_CrVI_ions_from_wastewater_using_water-based_polyacrylic_resin,yes,yes,yes,yes,yes,,
water-based polyacrylic resin,Cr(VI),2,NaN,142.86,10.1038/s41598-025-19662-8,deepseek-v4-flash (pdf2text),Adsorption_of_CrVI_ions_from_wastewater_using_water-based_polyacrylic_resin,yes,yes,yes,no,yes,,
Alginate,Rhodamine B,NaN,NaN,0.6,Table 1,deepseek-v4-flash (pdf2text),Adsorption_of_emerging_contaminants_by_graphene_related_materials_and_their_alginate_composite_hydrogels,yes,yes,no,no,yes,,
chitosan filter,Cu(II),5.5,NaN,313,"""Ráheľ et al.",deepseek-v4-flash (pdf2text),Adsorption_of_heavy_metals_onto_food_wastes_a_review,yes,yes,yes,no,yes,,
PANI-NiFe2O4,Malachite green,7,30,4.09,10.1007/s13204-014-0383-5,deepseek-v4-flash (pdf2text),Adsorption_of_malachite_green_by_polyanilinenickel_ferrite_magnetic_nanocomposite_an_isotherm_and_kinetic_study,yes,yes,yes,yes,yes,,
PANI-NiFe2O4,Malachite green,7,60,6.81,10.1007/s13204-014-0383-5,deepseek-v4-flash (pdf2text),Adsorption_of_malachite_green_by_polyanilinenickel_ferrite_magnetic_nanocomposite_an_isotherm_and_kinetic_study,yes,yes,yes,yes,yes,,
PANI-NiFe2O4,Malachite green,7,90,8.62,10.1007/s13204-014-0383-5,deepseek-v4-flash (pdf2text),Adsorption_of_malachite_green_by_polyanilinenickel_ferrite_magnetic_nanocomposite_an_isotherm_and_kinetic_study,yes,yes,yes,yes,yes,,
Durian seed immobilized Ca-alginate,Hg(II),6,NaN,1.553,https://doi.org/10.24036/eksakta/vol23-iss01/305,deepseek-v4-flash (pdf2text),Adsorption_of_Mercury_from_Aqueous_Solution_on_Durian_Durio_zibethinus_Seed_Immobilized_Alginate,yes,yes,yes,no,yes,,
Durian seed immobilized Ca-alginate,Hg(II),6,10,1.786,https://doi.org/10.24036/eksakta/vol23-iss01/305,deepseek-v4-flash (pdf2text),Adsorption_of_Mercury_from_Aqueous_Solution_on_Durian_Durio_zibethinus_Seed_Immobilized_Alginate,yes,yes,yes,yes,yes,,
Durian seed immobilized Ca-alginate,Hg(II),NaN,NaN,2.880,https://doi.org/10.24036/eksakta/vol23-iss01/305,deepseek-v4-flash (pdf2text),Adsorption_of_Mercury_from_Aqueous_Solution_on_Durian_Durio_zibethinus_Seed_Immobilized_Alginate,yes,yes,no,no,yes,,
Durian seed immobilized Ca-alginate,Hg(II),NaN,250,62.067,https://doi.org/10.24036/eksakta/vol23-iss01/305,deepseek-v4-flash (pdf2text),Adsorption_of_Mercury_from_Aqueous_Solution_on_Durian_Durio_zibethinus_Seed_Immobilized_Alginate,yes,yes,no,yes,yes,,
Durian seed immobilized Ca-alginate,Hg(II),6,300,74.121,https://doi.org/10.24036/eksakta/vol23-iss01/305,deepseek-v4-flash (pdf2text),Adsorption_of_Mercury_from_Aqueous_Solution_on_Durian_Durio_zibethinus_Seed_Immobilized_Alginate,yes,yes,yes,yes,yes,,
chitosan,methyl orange,4,100,30.14,10.4236/jwarp.2010.210107,deepseek-v4-flash (pdf2text),Adsorption_of_Methyl_Orange_onto_Chitosan_from_Aqueous_Solution,yes,yes,yes,yes,yes,,
chitosan,methyl orange,5,100,25.52,10.4236/jwarp.2010.210107,deepseek-v4-flash (pdf2text),Adsorption_of_Methyl_Orange_onto_Chitosan_from_Aqueous_Solution,yes,yes,yes,yes,yes,,
chitosan,methyl orange,6,100,16.58,10.4236/jwarp.2010.210107,deepseek-v4-flash (pdf2text),Adsorption_of_Methyl_Orange_onto_Chitosan_from_Aqueous_Solution,yes,yes,yes,yes,yes,,
chitosan,methyl orange,7,100,15.75,10.4236/jwarp.2010.210107,deepseek-v4-flash (pdf2text),Adsorption_of_Methyl_Orange_onto_Chitosan_from_Aqueous_Solution,yes,yes,yes,yes,yes,,
chitosan,methyl orange,8,100,14.02,10.4236/jwarp.2010.210107,deepseek-v4-flash (pdf2text),Adsorption_of_Methyl_Orange_onto_Chitosan_from_Aqueous_Solution,yes,yes,yes,yes,yes,,
chitosan,methyl orange,9,100,11.79,10.4236/jwarp.2010.210107,deepseek-v4-flash (pdf2text),Adsorption_of_Methyl_Orange_onto_Chitosan_from_Aqueous_Solution,yes,yes,yes,yes,yes,,
chitosan,methyl orange,4,15,5.53,10.4236/jwarp.2010.210107,deepseek-v4-flash (pdf2text),Adsorption_of_Methyl_Orange_onto_Chitosan_from_Aqueous_Solution,yes,yes,yes,yes,yes,,
chitosan,methyl orange,4,30,11.26,10.4236/jwarp.2010.210107,deepseek-v4-flash (pdf2text),Adsorption_of_Methyl_Orange_onto_Chitosan_from_Aqueous_Solution,yes,yes,yes,yes,yes,,
chitosan,methyl orange,4,40,15.52,10.4236/jwarp.2010.210107,deepseek-v4-flash (pdf2text),Adsorption_of_Methyl_Orange_onto_Chitosan_from_Aqueous_Solution,yes,yes,yes,yes,yes,,
chitosan,methyl orange,4,50,19.08,10.4236/jwarp.2010.210107,deepseek-v4-flash (pdf2text),Adsorption_of_Methyl_Orange_onto_Chitosan_from_Aqueous_Solution,yes,yes,yes,yes,yes,,
chitosan,methyl orange,4,70,24.29,10.4236/jwarp.2010.210107,deepseek-v4-flash (pdf2text),Adsorption_of_Methyl_Orange_onto_Chitosan_from_Aqueous_Solution,yes,yes,yes,yes,yes,,
Sodium alginate,Methylene blue,NaN,NaN,20.5,Iraqi Journal of Agricultural Sciences –2023:54(5):1387-1397,deepseek-v4-flash (pdf2text),ADSORPTION_OF_METHYLENE_BLUE_FROM_AQUEOUS_SOLUTION_USING_FREE_AND_IMMOBILIZED_ALGAE_CELLS,yes,yes,no,no,yes,,
Cellulose,Phenol,10,20,10.75,pH variation,deepseek-v4-flash (pdf2text),Adsorption_of_Phenol_using_Cellulose_and_Hydrochar_Kinetic_Isotherm_and_Regeneration_Studies,yes,yes,yes,yes,yes,,
Cellulose,Phenol,NaN,20,43.209,kinetic study,deepseek-v4-flash (pdf2text),Adsorption_of_Phenol_using_Cellulose_and_Hydrochar_Kinetic_Isotherm_and_Regeneration_Studies,yes,yes,no,yes,yes,,
Cellulose,Phenol,NaN,NaN,35.336,maximum adsorption capacity at 60°C,deepseek-v4-flash (pdf2text),Adsorption_of_Phenol_using_Cellulose_and_Hydrochar_Kinetic_Isotherm_and_Regeneration_Studies,yes,yes,no,no,yes,,
Polyacrylamide cryogel,As(V),7,100,22.11,Table 2 (Gel a),deepseek-v4-flash (pdf2text),Adsorption_Properties_of_ArsenicV_by_Polyacrylamide_Cryogel_Containing_Iron_Hydroxide_Oxide_Particles_Prepared_by_ltigtin_situltigt_Method,yes,yes,yes,yes,yes,,
Chitosan hydrogel,Erythromycin,2,10,9.95,https://doi.org/10.21203/rs.3.rs-2901346/v1,deepseek-v4-flash (pdf2text),Adsorptive_capture_of_Congo_red_and_Erythromycin_pollutants_from_water_by_Functionalized_ecofriendly_chitosan_and_nanobiochar_with_silica_gel,yes,yes,yes,yes,yes,,
Chitosan hydrogel,Erythromycin,2,NaN,44.05,https://doi.org/10.21203/rs.3.rs-2901346/v1,deepseek-v4-flash (pdf2text),Adsorptive_capture_of_Congo_red_and_Erythromycin_pollutants_from_water_by_Functionalized_ecofriendly_chitosan_and_nanobiochar_with_silica_gel,yes,yes,yes,no,yes,,
Chitosan hydrogel,Congo red,6,10,10,https://doi.org/10.21203/rs.3.rs-2901346/v1,deepseek-v4-flash (pdf2text),Adsorptive_capture_of_Congo_red_and_Erythromycin_pollutants_from_water_by_Functionalized_ecofriendly_chitosan_and_nanobiochar_with_silica_gel,yes,yes,yes,yes,yes,,C1=CC=C2C(=C1)C(=CC(=C2N)N=NC3=CC=C(C=C3)C4=CC=C(C=C4)N=NC5=C(C6=CC=CC=C6C(=C5)S(=O)(=O)[O-])N)S(=O)(=O)[O-].[Na+].[Na+]
Chitosan hydrogel,Congo red,6,NaN,57.80,https://doi.org/10.21203/rs.3.rs-2901346/v1,deepseek-v4-flash (pdf2text),Adsorptive_capture_of_Congo_red_and_Erythromycin_pollutants_from_water_by_Functionalized_ecofriendly_chitosan_and_nanobiochar_with_silica_gel,yes,yes,yes,no,yes,,C1=CC=C2C(=C1)C(=CC(=C2N)N=NC3=CC=C(C=C3)C4=CC=C(C=C4)N=NC5=C(C6=CC=CC=C6C(=C5)S(=O)(=O)[O-])N)S(=O)(=O)[O-].[Na+].[Na+]
"""GNs-polypyrrole""","""Hg(II)""","""NaN""","""NaN""","""980""","""[92]""",deepseek-v4-flash (pdf2text),Adsorptive_remediation_of_wastewater_pollutants_using_different_nanomaterials,yes,yes,no,no,yes,,
polyaniline,Reactive Red 2,7,250,131.4,10.15244/pjoes/67554,deepseek-v4-flash (pdf2text),Adsorptive_Removal_of_a_Reactive_Azo_Dye_Using_Polyaniline-Intercalated_Bentonite,yes,yes,yes,yes,yes,,
polyaniline,Reactive Red 2,7,500,220.8,10.15244/pjoes/67554,deepseek-v4-flash (pdf2text),Adsorptive_Removal_of_a_Reactive_Azo_Dye_Using_Polyaniline-Intercalated_Bentonite,yes,yes,yes,yes,yes,,
polyaniline,Reactive Red 2,7,NaN,202.0,10.15244/pjoes/67554,deepseek-v4-flash (pdf2text),Adsorptive_Removal_of_a_Reactive_Azo_Dye_Using_Polyaniline-Intercalated_Bentonite,yes,yes,yes,no,yes,,
agarose,methylene blue,NaN,NaN,9.78,Chemistry Central Journal 2012,deepseek-v4-flash (pdf2text),Adsorptive_removal_of_methylene_blue_by_agar_effects_of_NaCl_and_ethanol,yes,yes,no,no,yes,,
agarose,methylene blue,NaN,0.0001,9.52,Chemistry Central Journal 2012,deepseek-v4-flash (pdf2text),Adsorptive_removal_of_methylene_blue_by_agar_effects_of_NaCl_and_ethanol,yes,yes,no,yes,yes,,
agarose,methylene blue,NaN,0.0003,12.35,Chemistry Central Journal 2012,deepseek-v4-flash (pdf2text),Adsorptive_removal_of_methylene_blue_by_agar_effects_of_NaCl_and_ethanol,yes,yes,no,yes,yes,,
Fe/Cu CNS-alginate-CMC-chitosan beads,norfloxacin,6.0,20,86,RSC Adv.,deepseek-v4-flash (pdf2text),Adsorptive_removal_of_norfloxacin_from_aqueous_solutions_by_FeCu_CNS-embedded_alginatecarboxymethyl_cellulosechitosan_beads,yes,yes,yes,yes,yes,,CCN1C=C(C(=O)C2=CC(=C(C=C21)N3CCNCC3)F)C(=O)O
Fe/Cu CNS-alginate-CMC-chitosan beads,norfloxacin,4.0,20,67,RSC Adv.,deepseek-v4-flash (pdf2text),Adsorptive_removal_of_norfloxacin_from_aqueous_solutions_by_FeCu_CNS-embedded_alginatecarboxymethyl_cellulosechitosan_beads,yes,yes,yes,yes,yes,,CCN1C=C(C(=O)C2=CC(=C(C=C21)N3CCNCC3)F)C(=O)O
Fe/Cu CNS-alginate-CMC-chitosan beads,norfloxacin,10.0,20,30,RSC Adv.,deepseek-v4-flash (pdf2text),Adsorptive_removal_of_norfloxacin_from_aqueous_solutions_by_FeCu_CNS-embedded_alginatecarboxymethyl_cellulosechitosan_beads,yes,yes,yes,yes,yes,,CCN1C=C(C(=O)C2=CC(=C(C=C21)N3CCNCC3)F)C(=O)O
Fe/Cu CNS-alginate-CMC-chitosan beads,norfloxacin,6.0,,354.9,RSC Adv.,deepseek-v4-flash (pdf2text),Adsorptive_removal_of_norfloxacin_from_aqueous_solutions_by_FeCu_CNS-embedded_alginatecarboxymethyl_cellulosechitosan_beads,yes,yes,yes,no,yes,,CCN1C=C(C(=O)C2=CC(=C(C=C21)N3CCNCC3)F)C(=O)O
"""Cellulose powder""","""malachite green""",7.2,NaN,2.42,"""Sekhar et al.",deepseek-v4-flash (pdf2text),Adsorptiveampnbspremovalampnbspofampnbspmalachiteampnbspgreenampnbspdyeampnbspfromampnbspaqueousampnbspsolutionampnbspontoampnbspactivated_carbon_of_Catha_edulis_stem_as_a_low_cost_bio-adsorbent,yes,yes,yes,no,yes,,
"""Polymeric gel (C4)""","""malachite green""",8,NaN,4.9,"""Malana et al.",deepseek-v4-flash (pdf2text),Adsorptiveampnbspremovalampnbspofampnbspmalachiteampnbspgreenampnbspdyeampnbspfromampnbspaqueousampnbspsolutionampnbspontoampnbspactivated_carbon_of_Catha_edulis_stem_as_a_low_cost_bio-adsorbent,yes,yes,yes,no,yes,,
"""Unsaturated polyester Ce(IV) phosphate""","""malachite green""",8,NaN,1.01,NaN,deepseek-v4-flash (pdf2text),Adsorptiveampnbspremovalampnbspofampnbspmalachiteampnbspgreenampnbspdyeampnbspfromampnbspaqueousampnbspsolutionampnbspontoampnbspactivated_carbon_of_Catha_edulis_stem_as_a_low_cost_bio-adsorbent,yes,yes,yes,no,yes,,
poly(LIM-co-DVB-co-AcM),methylene blue,7,10,54.2,Polymer Bulletin (2025) 82:3207-3223,deepseek-v4-flash (pdf2text),Advancing_eco-friendly_adsorption_a_sustainable_approach_for_rapid_and_efficient_methylene_blue_removal,yes,yes,yes,yes,yes,,
Microcrystalline cellulose (from OPF),methylene blue,NaN,NaN,11.42,[63],deepseek-v4-flash (pdf2text),Advancing_Heavy_Metal_Removal_from_Industrial_Wastewater_Using_Oil_Palm_WasteBased_Adsorbent_toward_Efficient_Adsorption_and_Commercialization,yes,yes,no,no,yes,,
"""Halloysite (CTAB-cellulose biocomposite)""","""Pb(II)""",NaN,NaN,389.8,"""Abu-Danso et al. 2020""",deepseek-v4-flash (pdf2text),Aluminosilicates-based_nanosorbents_for_heavy_metal_removal_A_review,yes,yes,no,no,yes,,[Pb+2]
"""Halloysite (CTAB-cellulose biocomposite)""","""Cd(II)""",NaN,NaN,116.0,"""Abu-Danso et al. 2020""",deepseek-v4-flash (pdf2text),Aluminosilicates-based_nanosorbents_for_heavy_metal_removal_A_review,yes,yes,no,no,yes,,[Cd+2]
"""Vermiculite (chitosan biocomposite)""","""As(III)""",NaN,NaN,72.2,"""Saleh et al. 2016""",deepseek-v4-flash (pdf2text),Aluminosilicates-based_nanosorbents_for_heavy_metal_removal_A_review,yes,yes,no,no,yes,,
"""Vermiculite (chitosan biocomposite)""","""Cd(II)""",NaN,NaN,58.5,"""Chen et al. 2018a""",deepseek-v4-flash (pdf2text),Aluminosilicates-based_nanosorbents_for_heavy_metal_removal_A_review,yes,yes,no,no,yes,,[Cd+2]
"""Vermiculite (chitosan biocomposite)""","""Pb(II)""",NaN,NaN,166.7,"""Chen et al. 2018a""",deepseek-v4-flash (pdf2text),Aluminosilicates-based_nanosorbents_for_heavy_metal_removal_A_review,yes,yes,no,no,yes,,[Pb+2]
"""Vermiculite (chitosan biocomposite)""","""Cr(VI)""",NaN,NaN,102.7,"""Chen et al. 2020a""",deepseek-v4-flash (pdf2text),Aluminosilicates-based_nanosorbents_for_heavy_metal_removal_A_review,yes,yes,no,no,yes,,
"""Palygorskite (polyamide magnetic)""","""Hg(II)""",NaN,NaN,211.9,"""Saleh et al. 2018""",deepseek-v4-flash (pdf2text),Aluminosilicates-based_nanosorbents_for_heavy_metal_removal_A_review,yes,yes,no,no,yes,,
XG-g-PAN,methylene blue,7,5,4.288,Paper text,deepseek-v4-flash (pdf2text),Amidoxime-functionalized_xanthan_gum_adsorbents_synthesis_characterization_and_theoretical_insight_into_methylene_blue_removal,yes,yes,yes,yes,yes,,
XG-g-PAN,methylene blue,7,NaN,120.79,Paper text,deepseek-v4-flash (pdf2text),Amidoxime-functionalized_xanthan_gum_adsorbents_synthesis_characterization_and_theoretical_insight_into_methylene_blue_removal,yes,yes,yes,no,yes,,
Poly(HEMA-GMA)-PLL-Cu(II),Acid Blue 113,2,1000,335.3,Sci. Rep. (2026) doi:10.1038/s41598-026-47887-8,deepseek-v4-flash (pdf2text),Amine-functionalized_copper-coordinated_cryogels_for_efficient_removal_of_Acid_Blue_113_from_water,yes,yes,yes,yes,yes,,
Poly(HEMA-GMA)-PLL-Cu(II),Acid Blue 113,4,1000,426.6,Sci. Rep. (2026) doi:10.1038/s41598-026-47887-8,deepseek-v4-flash (pdf2text),Amine-functionalized_copper-coordinated_cryogels_for_efficient_removal_of_Acid_Blue_113_from_water,yes,yes,yes,yes,yes,,
Poly(HEMA-GMA)-PLL-Cu(II),Acid Blue 113,5,1000,412.5,Sci. Rep. (2026) doi:10.1038/s41598-026-47887-8,deepseek-v4-flash (pdf2text),Amine-functionalized_copper-coordinated_cryogels_for_efficient_removal_of_Acid_Blue_113_from_water,yes,yes,yes,yes,yes,,
Poly(HEMA-GMA)-PLL-Cu(II),Acid Blue 113,10,1000,175.4,Sci. Rep. (2026) doi:10.1038/s41598-026-47887-8,deepseek-v4-flash (pdf2text),Amine-functionalized_copper-coordinated_cryogels_for_efficient_removal_of_Acid_Blue_113_from_water,yes,yes,yes,yes,yes,,
Poly(HEMA-GMA)-PLL-Cu(II),Acid Blue 113,4,100,113.4,Sci. Rep. (2026) doi:10.1038/s41598-026-47887-8,deepseek-v4-flash (pdf2text),Amine-functionalized_copper-coordinated_cryogels_for_efficient_removal_of_Acid_Blue_113_from_water,yes,yes,yes,yes,yes,,
Poly(HEMA-GMA)-PLL-Cu(II),Acid Blue 113,4,2000,501.6,Sci. Rep. (2026) doi:10.1038/s41598-026-47887-8,deepseek-v4-flash (pdf2text),Amine-functionalized_copper-coordinated_cryogels_for_efficient_removal_of_Acid_Blue_113_from_water,yes,yes,yes,yes,yes,,
Poly(HEMA-GMA)-PLL-Cu(II),Acid Blue 113,4,5000,506.2,Sci. Rep. (2026) doi:10.1038/s41598-026-47887-8,deepseek-v4-flash (pdf2text),Amine-functionalized_copper-coordinated_cryogels_for_efficient_removal_of_Acid_Blue_113_from_water,yes,yes,yes,yes,yes,,
Poly(HEMA-GMA)-PLL-Cu(II),Acid Blue 113,NaN,2000,503.2,Sci. Rep. (2026) doi:10.1038/s41598-026-47887-8,deepseek-v4-flash (pdf2text),Amine-functionalized_copper-coordinated_cryogels_for_efficient_removal_of_Acid_Blue_113_from_water,yes,yes,no,yes,yes,,
Poly(HEMA-GMA),Acid Blue 113,4,2000,126.7,Sci. Rep. (2026) doi:10.1038/s41598-026-47887-8,deepseek-v4-flash (pdf2text),Amine-functionalized_copper-coordinated_cryogels_for_efficient_removal_of_Acid_Blue_113_from_water,yes,yes,yes,yes,yes,,
Poly(HEMA-GMA)-PLL,Acid Blue 113,4,2000,213.9,Sci. Rep. (2026) doi:10.1038/s41598-026-47887-8,deepseek-v4-flash (pdf2text),Amine-functionalized_copper-coordinated_cryogels_for_efficient_removal_of_Acid_Blue_113_from_water,yes,yes,yes,yes,yes,,
GG-g-poly(AMPS-co-DMAPMAm)-8,Rhodamine B,NaN,100,35.70,"""Zauro and Vishalakshi",deepseek-v4-flash (pdf2text),Amphoteric_gellan_gum-based_terpolymermontmorillonite_composite_synthesis_swelling_and_dye_adsorption_studies,yes,yes,no,yes,yes,,
GG-g-poly(AMPS-co-DMAPMAm)-8,Chromotrope 2R,NaN,100,17.73,"""Zauro and Vishalakshi",deepseek-v4-flash (pdf2text),Amphoteric_gellan_gum-based_terpolymermontmorillonite_composite_synthesis_swelling_and_dye_adsorption_studies,yes,yes,no,yes,yes,,
GG-g-poly(AMPS-co-DMAPMAm)/MMT-3,Rhodamine B,NaN,100,31.92,"""Zauro and Vishalakshi",deepseek-v4-flash (pdf2text),Amphoteric_gellan_gum-based_terpolymermontmorillonite_composite_synthesis_swelling_and_dye_adsorption_studies,yes,yes,no,yes,yes,,
GG-g-poly(AMPS-co-DMAPMAm)/MMT-3,Chromotrope 2R,NaN,100,17.56,"""Zauro and Vishalakshi",deepseek-v4-flash (pdf2text),Amphoteric_gellan_gum-based_terpolymermontmorillonite_composite_synthesis_swelling_and_dye_adsorption_studies,yes,yes,no,yes,yes,,
Sponge-like tannin-based cryogels,tetracycline,9,50,19.24,[48],deepseek-v4-flash (pdf2text),An_environmentally_benign_chelative_biosorbent_for_efficient_adsorption_remediation_of_tetracycline_contamination,yes,yes,yes,yes,yes,,C[C@@]1([C@H]2C[C@H]3[C@@H](C(=O)C(=C([C@]3(C(=O)C2=C(C4=C1C=CC=C4O)O)O)O)C(=O)N)N(C)C)O
Bayberry tannin functionalized copper alginate microspheres,tetracycline,7,20,32.61,[44],deepseek-v4-flash (pdf2text),An_environmentally_benign_chelative_biosorbent_for_efficient_adsorption_remediation_of_tetracycline_contamination,yes,yes,yes,yes,yes,,C[C@@]1([C@H]2C[C@H]3[C@@H](C(=O)C(=C([C@]3(C(=O)C2=C(C4=C1C=CC=C4O)O)O)O)C(=O)N)N(C)C)O
polyethersulfone,Pb,7,NaN,144,https://doi.org/10.1038/s41598-023-27796-w,deepseek-v4-flash (pdf2text),An_immobilized_biosorbent_from_Paenibacillus_dendritiformis_dead_cells_and_polyethersulfone_for_the_sustainable_bioremediation_of_lead_from_wastewater,yes,yes,yes,no,yes,,
chitosan,Cr(VI),3.0,40,34.17,Journal of Textile Science and Technology,deepseek-v4-flash (pdf2text),Analysis_of_the_Adsorption_of_Toxic_Chromium_VI_by_Untreated_and_Chitosan_Treated_Banana_and_Areca_Fiber,yes,yes,yes,yes,yes,,
chitosan treated banana fiber,Cr(VI),NaN,NaN,30.057,Journal of Textile Science and Technology,deepseek-v4-flash (pdf2text),Analysis_of_the_Adsorption_of_Toxic_Chromium_VI_by_Untreated_and_Chitosan_Treated_Banana_and_Areca_Fiber,yes,yes,no,no,yes,,
chitosan treated areca fiber,Cr(VI),NaN,NaN,30.156,Journal of Textile Science and Technology,deepseek-v4-flash (pdf2text),Analysis_of_the_Adsorption_of_Toxic_Chromium_VI_by_Untreated_and_Chitosan_Treated_Banana_and_Areca_Fiber,yes,yes,no,no,yes,,
chitosan_new,Direct Yellow 86,NaN,5e-5,0.16,http://dx.doi.org/10.4236/aces.2014.44048,deepseek-v4-flash (pdf2text),Applicative_Study_Part_I_The_Excellent_Conditions_to_Remove_in_Batch_Direct_Textile_Dyes_Direct_Red_Direct_Blue_and_Direct_Yellow_from_Aqueous_Solutions_by_Adsorption_Processes_on_Low-Cost_Chitosan_Fi,yes,yes,no,yes,yes,,
chitosan_new_EtOH_1d,Direct Yellow 86,NaN,5e-5,0.17,http://dx.doi.org/10.4236/aces.2014.44048,deepseek-v4-flash (pdf2text),Applicative_Study_Part_I_The_Excellent_Conditions_to_Remove_in_Batch_Direct_Textile_Dyes_Direct_Red_Direct_Blue_and_Direct_Yellow_from_Aqueous_Solutions_by_Adsorption_Processes_on_Low-Cost_Chitosan_Fi,yes,yes,no,yes,yes,,
chitosan_new_EtOH_4d,Direct Yellow 86,NaN,5e-5,0.16,http://dx.doi.org/10.4236/aces.2014.44048,deepseek-v4-flash (pdf2text),Applicative_Study_Part_I_The_Excellent_Conditions_to_Remove_in_Batch_Direct_Textile_Dyes_Direct_Red_Direct_Blue_and_Direct_Yellow_from_Aqueous_Solutions_by_Adsorption_Processes_on_Low-Cost_Chitosan_Fi,yes,yes,no,yes,yes,,
chitosan_new,Direct Yellow 86,NaN,5e-6,0.014,http://dx.doi.org/10.4236/aces.2014.44048,deepseek-v4-flash (pdf2text),Applicative_Study_Part_I_The_Excellent_Conditions_to_Remove_in_Batch_Direct_Textile_Dyes_Direct_Red_Direct_Blue_and_Direct_Yellow_from_Aqueous_Solutions_by_Adsorption_Processes_on_Low-Cost_Chitosan_Fi,yes,yes,no,yes,yes,,
chitosan_new_EtOH_1d,Direct Yellow 86,NaN,5e-6,0.016,http://dx.doi.org/10.4236/aces.2014.44048,deepseek-v4-flash (pdf2text),Applicative_Study_Part_I_The_Excellent_Conditions_to_Remove_in_Batch_Direct_Textile_Dyes_Direct_Red_Direct_Blue_and_Direct_Yellow_from_Aqueous_Solutions_by_Adsorption_Processes_on_Low-Cost_Chitosan_Fi,yes,yes,no,yes,yes,,
chitosan_new_EtOH_4d,Direct Yellow 86,NaN,5e-6,0.016,http://dx.doi.org/10.4236/aces.2014.44048,deepseek-v4-flash (pdf2text),Applicative_Study_Part_I_The_Excellent_Conditions_to_Remove_in_Batch_Direct_Textile_Dyes_Direct_Red_Direct_Blue_and_Direct_Yellow_from_Aqueous_Solutions_by_Adsorption_Processes_on_Low-Cost_Chitosan_Fi,yes,yes,no,yes,yes,,
chitosan_std,Direct Yellow 86,12,5e-5,0.17,http://dx.doi.org/10.4236/aces.2014.44048,deepseek-v4-flash (pdf2text),Applicative_Study_Part_I_The_Excellent_Conditions_to_Remove_in_Batch_Direct_Textile_Dyes_Direct_Red_Direct_Blue_and_Direct_Yellow_from_Aqueous_Solutions_by_Adsorption_Processes_on_Low-Cost_Chitosan_Fi,yes,yes,yes,yes,yes,,
chitosan_std_NaOH,Direct Yellow 86,NaN,5e-5,0.24,http://dx.doi.org/10.4236/aces.2014.44048,deepseek-v4-flash (pdf2text),Applicative_Study_Part_I_The_Excellent_Conditions_to_Remove_in_Batch_Direct_Textile_Dyes_Direct_Red_Direct_Blue_and_Direct_Yellow_from_Aqueous_Solutions_by_Adsorption_Processes_on_Low-Cost_Chitosan_Fi,yes,yes,no,yes,yes,,
chitosan_std_EtOH_1d,Direct Yellow 86,NaN,5e-5,0.17,http://dx.doi.org/10.4236/aces.2014.44048,deepseek-v4-flash (pdf2text),Applicative_Study_Part_I_The_Excellent_Conditions_to_Remove_in_Batch_Direct_Textile_Dyes_Direct_Red_Direct_Blue_and_Direct_Yellow_from_Aqueous_Solutions_by_Adsorption_Processes_on_Low-Cost_Chitosan_Fi,yes,yes,no,yes,yes,,
chitosan_std_EtOH_4d,Direct Yellow 86,NaN,5e-5,0.21,http://dx.doi.org/10.4236/aces.2014.44048,deepseek-v4-flash (pdf2text),Applicative_Study_Part_I_The_Excellent_Conditions_to_Remove_in_Batch_Direct_Textile_Dyes_Direct_Red_Direct_Blue_and_Direct_Yellow_from_Aqueous_Solutions_by_Adsorption_Processes_on_Low-Cost_Chitosan_Fi,yes,yes,no,yes,yes,,
chitosan_std,Direct Yellow 86,12,5e-6,0.019,http://dx.doi.org/10.4236/aces.2014.44048,deepseek-v4-flash (pdf2text),Applicative_Study_Part_I_The_Excellent_Conditions_to_Remove_in_Batch_Direct_Textile_Dyes_Direct_Red_Direct_Blue_and_Direct_Yellow_from_Aqueous_Solutions_by_Adsorption_Processes_on_Low-Cost_Chitosan_Fi,yes,yes,yes,yes,yes,,
chitosan_std_NaOH,Direct Yellow 86,NaN,5e-6,0.026,http://dx.doi.org/10.4236/aces.2014.44048,deepseek-v4-flash (pdf2text),Applicative_Study_Part_I_The_Excellent_Conditions_to_Remove_in_Batch_Direct_Textile_Dyes_Direct_Red_Direct_Blue_and_Direct_Yellow_from_Aqueous_Solutions_by_Adsorption_Processes_on_Low-Cost_Chitosan_Fi,yes,yes,no,yes,yes,,
chitosan_std_EtOH_4d,Direct Yellow 86,NaN,5e-6,0.022,http://dx.doi.org/10.4236/aces.2014.44048,deepseek-v4-flash (pdf2text),Applicative_Study_Part_I_The_Excellent_Conditions_to_Remove_in_Batch_Direct_Textile_Dyes_Direct_Red_Direct_Blue_and_Direct_Yellow_from_Aqueous_Solutions_by_Adsorption_Processes_on_Low-Cost_Chitosan_Fi,yes,yes,no,yes,yes,,
chitosan_new,Direct Blue 78,NaN,5e-5,0.074,http://dx.doi.org/10.4236/aces.2014.44048,deepseek-v4-flash (pdf2text),Applicative_Study_Part_I_The_Excellent_Conditions_to_Remove_in_Batch_Direct_Textile_Dyes_Direct_Red_Direct_Blue_and_Direct_Yellow_from_Aqueous_Solutions_by_Adsorption_Processes_on_Low-Cost_Chitosan_Fi,yes,yes,no,yes,yes,,
chitosan_new_EtOH_1d,Direct Blue 78,NaN,5e-5,0.17,http://dx.doi.org/10.4236/aces.2014.44048,deepseek-v4-flash (pdf2text),Applicative_Study_Part_I_The_Excellent_Conditions_to_Remove_in_Batch_Direct_Textile_Dyes_Direct_Red_Direct_Blue_and_Direct_Yellow_from_Aqueous_Solutions_by_Adsorption_Processes_on_Low-Cost_Chitosan_Fi,yes,yes,no,yes,yes,,
chitosan_new_EtOH_4d,Direct Blue 78,NaN,5e-5,0.17,http://dx.doi.org/10.4236/aces.2014.44048,deepseek-v4-flash (pdf2text),Applicative_Study_Part_I_The_Excellent_Conditions_to_Remove_in_Batch_Direct_Textile_Dyes_Direct_Red_Direct_Blue_and_Direct_Yellow_from_Aqueous_Solutions_by_Adsorption_Processes_on_Low-Cost_Chitosan_Fi,yes,yes,no,yes,yes,,
chitosan_new_EtOH_1d,Direct Blue 78,NaN,5e-6,0.017,http://dx.doi.org/10.4236/aces.2014.44048,deepseek-v4-flash (pdf2text),Applicative_Study_Part_I_The_Excellent_Conditions_to_Remove_in_Batch_Direct_Textile_Dyes_Direct_Red_Direct_Blue_and_Direct_Yellow_from_Aqueous_Solutions_by_Adsorption_Processes_on_Low-Cost_Chitosan_Fi,yes,yes,no,yes,yes,,
chitosan_new_EtOH_4d,Direct Blue 78,NaN,5e-6,0.011,http://dx.doi.org/10.4236/aces.2014.44048,deepseek-v4-flash (pdf2text),Applicative_Study_Part_I_The_Excellent_Conditions_to_Remove_in_Batch_Direct_Textile_Dyes_Direct_Red_Direct_Blue_and_Direct_Yellow_from_Aqueous_Solutions_by_Adsorption_Processes_on_Low-Cost_Chitosan_Fi,yes,yes,no,yes,yes,,
chitosan_std,Direct Blue 78,12,5e-5,0.16,http://dx.doi.org/10.4236/aces.2014.44048,deepseek-v4-flash (pdf2text),Applicative_Study_Part_I_The_Excellent_Conditions_to_Remove_in_Batch_Direct_Textile_Dyes_Direct_Red_Direct_Blue_and_Direct_Yellow_from_Aqueous_Solutions_by_Adsorption_Processes_on_Low-Cost_Chitosan_Fi,yes,yes,yes,yes,yes,,
chitosan_std_NaOH,Direct Blue 78,NaN,5e-5,0.17,http://dx.doi.org/10.4236/aces.2014.44048,deepseek-v4-flash (pdf2text),Applicative_Study_Part_I_The_Excellent_Conditions_to_Remove_in_Batch_Direct_Textile_Dyes_Direct_Red_Direct_Blue_and_Direct_Yellow_from_Aqueous_Solutions_by_Adsorption_Processes_on_Low-Cost_Chitosan_Fi,yes,yes,no,yes,yes,,
chitosan_std_EtOH_1d,Direct Blue 78,NaN,5e-5,0.14,http://dx.doi.org/10.4236/aces.2014.44048,deepseek-v4-flash (pdf2text),Applicative_Study_Part_I_The_Excellent_Conditions_to_Remove_in_Batch_Direct_Textile_Dyes_Direct_Red_Direct_Blue_and_Direct_Yellow_from_Aqueous_Solutions_by_Adsorption_Processes_on_Low-Cost_Chitosan_Fi,yes,yes,no,yes,yes,,
chitosan_std_EtOH_4d,Direct Blue 78,NaN,5e-5,0.16,http://dx.doi.org/10.4236/aces.2014.44048,deepseek-v4-flash (pdf2text),Applicative_Study_Part_I_The_Excellent_Conditions_to_Remove_in_Batch_Direct_Textile_Dyes_Direct_Red_Direct_Blue_and_Direct_Yellow_from_Aqueous_Solutions_by_Adsorption_Processes_on_Low-Cost_Chitosan_Fi,yes,yes,no,yes,yes,,
chitosan_std,Direct Blue 78,12,5e-6,0.019,http://dx.doi.org/10.4236/aces.2014.44048,deepseek-v4-flash (pdf2text),Applicative_Study_Part_I_The_Excellent_Conditions_to_Remove_in_Batch_Direct_Textile_Dyes_Direct_Red_Direct_Blue_and_Direct_Yellow_from_Aqueous_Solutions_by_Adsorption_Processes_on_Low-Cost_Chitosan_Fi,yes,yes,yes,yes,yes,,
chitosan_std_NaOH,Direct Blue 78,NaN,5e-6,0.018,http://dx.doi.org/10.4236/aces.2014.44048,deepseek-v4-flash (pdf2text),Applicative_Study_Part_I_The_Excellent_Conditions_to_Remove_in_Batch_Direct_Textile_Dyes_Direct_Red_Direct_Blue_and_Direct_Yellow_from_Aqueous_Solutions_by_Adsorption_Processes_on_Low-Cost_Chitosan_Fi,yes,yes,no,yes,yes,,
chitosan_std_EtOH_1d,Direct Blue 78,NaN,5e-6,0.0056,http://dx.doi.org/10.4236/aces.2014.44048,deepseek-v4-flash (pdf2text),Applicative_Study_Part_I_The_Excellent_Conditions_to_Remove_in_Batch_Direct_Textile_Dyes_Direct_Red_Direct_Blue_and_Direct_Yellow_from_Aqueous_Solutions_by_Adsorption_Processes_on_Low-Cost_Chitosan_Fi,yes,yes,no,yes,yes,,
chitosan_std_EtOH_4d,Direct Blue 78,NaN,5e-6,0.014,http://dx.doi.org/10.4236/aces.2014.44048,deepseek-v4-flash (pdf2text),Applicative_Study_Part_I_The_Excellent_Conditions_to_Remove_in_Batch_Direct_Textile_Dyes_Direct_Red_Direct_Blue_and_Direct_Yellow_from_Aqueous_Solutions_by_Adsorption_Processes_on_Low-Cost_Chitosan_Fi,yes,yes,no,yes,yes,,
chitosan_new,Direct Red 83:1,NaN,5e-5,0.046,http://dx.doi.org/10.4236/aces.2014.44048,deepseek-v4-flash (pdf2text),Applicative_Study_Part_I_The_Excellent_Conditions_to_Remove_in_Batch_Direct_Textile_Dyes_Direct_Red_Direct_Blue_and_Direct_Yellow_from_Aqueous_Solutions_by_Adsorption_Processes_on_Low-Cost_Chitosan_Fi,yes,yes,no,yes,yes,,
chitosan_new_EtOH_1d,Direct Red 83:1,NaN,5e-5,0.025,http://dx.doi.org/10.4236/aces.2014.44048,deepseek-v4-flash (pdf2text),Applicative_Study_Part_I_The_Excellent_Conditions_to_Remove_in_Batch_Direct_Textile_Dyes_Direct_Red_Direct_Blue_and_Direct_Yellow_from_Aqueous_Solutions_by_Adsorption_Processes_on_Low-Cost_Chitosan_Fi,yes,yes,no,yes,yes,,
chitosan_new_EtOH_4d,Direct Red 83:1,NaN,5e-5,0.018,http://dx.doi.org/10.4236/aces.2014.44048,deepseek-v4-flash (pdf2text),Applicative_Study_Part_I_The_Excellent_Conditions_to_Remove_in_Batch_Direct_Textile_Dyes_Direct_Red_Direct_Blue_and_Direct_Yellow_from_Aqueous_Solutions_by_Adsorption_Processes_on_Low-Cost_Chitosan_Fi,yes,yes,no,yes,yes,,
chitosan_new,Direct Red 83:1,NaN,5e-6,0.010,http://dx.doi.org/10.4236/aces.2014.44048,deepseek-v4-flash (pdf2text),Applicative_Study_Part_I_The_Excellent_Conditions_to_Remove_in_Batch_Direct_Textile_Dyes_Direct_Red_Direct_Blue_and_Direct_Yellow_from_Aqueous_Solutions_by_Adsorption_Processes_on_Low-Cost_Chitosan_Fi,yes,yes,no,yes,yes,,
chitosan_new_EtOH_1d,Direct Red 83:1,NaN,5e-6,0.016,http://dx.doi.org/10.4236/aces.2014.44048,deepseek-v4-flash (pdf2text),Applicative_Study_Part_I_The_Excellent_Conditions_to_Remove_in_Batch_Direct_Textile_Dyes_Direct_Red_Direct_Blue_and_Direct_Yellow_from_Aqueous_Solutions_by_Adsorption_Processes_on_Low-Cost_Chitosan_Fi,yes,yes,no,yes,yes,,
chitosan_new_EtOH_4d,Direct Red 83:1,NaN,5e-6,0.016,http://dx.doi.org/10.4236/aces.2014.44048,deepseek-v4-flash (pdf2text),Applicative_Study_Part_I_The_Excellent_Conditions_to_Remove_in_Batch_Direct_Textile_Dyes_Direct_Red_Direct_Blue_and_Direct_Yellow_from_Aqueous_Solutions_by_Adsorption_Processes_on_Low-Cost_Chitosan_Fi,yes,yes,no,yes,yes,,
chitosan_std,Direct Red 83:1,12,5e-5,0.081,http://dx.doi.org/10.4236/aces.2014.44048,deepseek-v4-flash (pdf2text),Applicative_Study_Part_I_The_Excellent_Conditions_to_Remove_in_Batch_Direct_Textile_Dyes_Direct_Red_Direct_Blue_and_Direct_Yellow_from_Aqueous_Solutions_by_Adsorption_Processes_on_Low-Cost_Chitosan_Fi,yes,yes,yes,yes,yes,,
chitosan_std_NaOH,Direct Red 83:1,NaN,5e-5,0.017,http://dx.doi.org/10.4236/aces.2014.44048,deepseek-v4-flash (pdf2text),Applicative_Study_Part_I_The_Excellent_Conditions_to_Remove_in_Batch_Direct_Textile_Dyes_Direct_Red_Direct_Blue_and_Direct_Yellow_from_Aqueous_Solutions_by_Adsorption_Processes_on_Low-Cost_Chitosan_Fi,yes,yes,no,yes,yes,,
chitosan_std_EtOH_1d,Direct Red 83:1,NaN,5e-5,0.043,http://dx.doi.org/10.4236/aces.2014.44048,deepseek-v4-flash (pdf2text),Applicative_Study_Part_I_The_Excellent_Conditions_to_Remove_in_Batch_Direct_Textile_Dyes_Direct_Red_Direct_Blue_and_Direct_Yellow_from_Aqueous_Solutions_by_Adsorption_Processes_on_Low-Cost_Chitosan_Fi,yes,yes,no,yes,yes,,
chitosan_std_EtOH_4d,Direct Red 83:1,NaN,5e-5,0.028,http://dx.doi.org/10.4236/aces.2014.44048,deepseek-v4-flash (pdf2text),Applicative_Study_Part_I_The_Excellent_Conditions_to_Remove_in_Batch_Direct_Textile_Dyes_Direct_Red_Direct_Blue_and_Direct_Yellow_from_Aqueous_Solutions_by_Adsorption_Processes_on_Low-Cost_Chitosan_Fi,yes,yes,no,yes,yes,,
chitosan_std,Direct Red 83:1,12,5e-6,0.014,http://dx.doi.org/10.4236/aces.2014.44048,deepseek-v4-flash (pdf2text),Applicative_Study_Part_I_The_Excellent_Conditions_to_Remove_in_Batch_Direct_Textile_Dyes_Direct_Red_Direct_Blue_and_Direct_Yellow_from_Aqueous_Solutions_by_Adsorption_Processes_on_Low-Cost_Chitosan_Fi,yes,yes,yes,yes,yes,,
chitosan_std_NaOH,Direct Red 83:1,NaN,5e-6,0.017,http://dx.doi.org/10.4236/aces.2014.44048,deepseek-v4-flash (pdf2text),Applicative_Study_Part_I_The_Excellent_Conditions_to_Remove_in_Batch_Direct_Textile_Dyes_Direct_Red_Direct_Blue_and_Direct_Yellow_from_Aqueous_Solutions_by_Adsorption_Processes_on_Low-Cost_Chitosan_Fi,yes,yes,no,yes,yes,,
chitosan_std_EtOH_1d,Direct Red 83:1,NaN,5e-6,0.012,http://dx.doi.org/10.4236/aces.2014.44048,deepseek-v4-flash (pdf2text),Applicative_Study_Part_I_The_Excellent_Conditions_to_Remove_in_Batch_Direct_Textile_Dyes_Direct_Red_Direct_Blue_and_Direct_Yellow_from_Aqueous_Solutions_by_Adsorption_Processes_on_Low-Cost_Chitosan_Fi,yes,yes,no,yes,yes,,
chitosan_std_EtOH_4d,Direct Red 83:1,NaN,5e-6,0.011,http://dx.doi.org/10.4236/aces.2014.44048,deepseek-v4-flash (pdf2text),Applicative_Study_Part_I_The_Excellent_Conditions_to_Remove_in_Batch_Direct_Textile_Dyes_Direct_Red_Direct_Blue_and_Direct_Yellow_from_Aqueous_Solutions_by_Adsorption_Processes_on_Low-Cost_Chitosan_Fi,yes,yes,no,yes,yes,,
PMMA/RHA/PP,tartrazine,2.0,30,165.7,[65],deepseek-v4-flash (pdf2text),Aqueous_Phase_Removal_of_Tartrazine,yes,yes,yes,yes,yes,,
Chitosan,tartrazine,3.0,700,1065.55,[66],deepseek-v4-flash (pdf2text),Aqueous_Phase_Removal_of_Tartrazine,yes,yes,yes,yes,yes,,
KG-cl-poly(AA-co-NVI) hydrogel,tartrazine,3,80,201.5,[126],deepseek-v4-flash (pdf2text),Aqueous_Phase_Removal_of_Tartrazine,yes,yes,yes,yes,yes,,
Glass beads coated with chitosan DD 85%,tartrazine,3,100,60,[128],deepseek-v4-flash (pdf2text),Aqueous_Phase_Removal_of_Tartrazine,yes,yes,yes,yes,yes,,
PANI,tartrazine,2.0,48.1,113.21,[129],deepseek-v4-flash (pdf2text),Aqueous_Phase_Removal_of_Tartrazine,yes,yes,yes,yes,yes,,
RCTLW gelatin beads,tartrazine,2.5,100,263.13,[135],deepseek-v4-flash (pdf2text),Aqueous_Phase_Removal_of_Tartrazine,yes,yes,yes,yes,yes,,
PA6/PPy,atrazine,NaN,1,0.33,Nanoscale Research Letters (2015) 10:207,deepseek-v4-flash (pdf2text),Atrazine_adsorption_removal_with_nylon6polypyrrole_core-shell_nanofibers_mat_possible_mechanism_and_characteristics,yes,yes,no,yes,yes,,
PA6/PPy,atrazine,NaN,10,3.2,Nanoscale Research Letters (2015) 10:207,deepseek-v4-flash (pdf2text),Atrazine_adsorption_removal_with_nylon6polypyrrole_core-shell_nanofibers_mat_possible_mechanism_and_characteristics,yes,yes,no,yes,yes,,
PA6/PPy,atrazine,3,10,1.36,Nanoscale Research Letters (2015) 10:207,deepseek-v4-flash (pdf2text),Atrazine_adsorption_removal_with_nylon6polypyrrole_core-shell_nanofibers_mat_possible_mechanism_and_characteristics,yes,yes,yes,yes,yes,,
PA6/PPy,atrazine,11,10,2.57,Nanoscale Research Letters (2015) 10:207,deepseek-v4-flash (pdf2text),Atrazine_adsorption_removal_with_nylon6polypyrrole_core-shell_nanofibers_mat_possible_mechanism_and_characteristics,yes,yes,yes,yes,yes,,
PA6/PPy,atrazine,7,10,2.18,Nanoscale Research Letters (2015) 10:207,deepseek-v4-flash (pdf2text),Atrazine_adsorption_removal_with_nylon6polypyrrole_core-shell_nanofibers_mat_possible_mechanism_and_characteristics,yes,yes,yes,yes,yes,,
PA6/PPy,atrazine,NaN,200,14.8,Nanoscale Research Letters (2015) 10:207,deepseek-v4-flash (pdf2text),Atrazine_adsorption_removal_with_nylon6polypyrrole_core-shell_nanofibers_mat_possible_mechanism_and_characteristics,yes,yes,no,yes,yes,,
bacterial cellulose aerogel,methylene blue,6.5,10,4.1,10.1021/acsomega.3c03130,deepseek-v4-flash (pdf2text),Bacterial_Cellulose_Aerogels_Derived_from_Pineapple_Peel_Waste_for_the_Adsorption_of_Dyes,yes,yes,yes,yes,yes,,
bacterial cellulose aerogel,methylene blue,6.5,200,29.7,10.1021/acsomega.3c03130,deepseek-v4-flash (pdf2text),Bacterial_Cellulose_Aerogels_Derived_from_Pineapple_Peel_Waste_for_the_Adsorption_of_Dyes,yes,yes,yes,yes,yes,,
bacterial cellulose aerogel,methylene blue,6.5,50,14.8,10.1021/acsomega.3c03130,deepseek-v4-flash (pdf2text),Bacterial_Cellulose_Aerogels_Derived_from_Pineapple_Peel_Waste_for_the_Adsorption_of_Dyes,yes,yes,yes,yes,yes,,
bacterial cellulose aerogel,rhodamine B,6.5,200,30,10.1021/acsomega.3c03130,deepseek-v4-flash (pdf2text),Bacterial_Cellulose_Aerogels_Derived_from_Pineapple_Peel_Waste_for_the_Adsorption_of_Dyes,yes,yes,yes,yes,yes,,
bacterial cellulose aerogel,crystal violet,6.5,200,30,10.1021/acsomega.3c03130,deepseek-v4-flash (pdf2text),Bacterial_Cellulose_Aerogels_Derived_from_Pineapple_Peel_Waste_for_the_Adsorption_of_Dyes,yes,yes,yes,yes,yes,,
bacterial cellulose aerogel,malachite green,6.5,200,48.6,10.1021/acsomega.3c03130,deepseek-v4-flash (pdf2text),Bacterial_Cellulose_Aerogels_Derived_from_Pineapple_Peel_Waste_for_the_Adsorption_of_Dyes,yes,yes,yes,yes,yes,,
bacterial cellulose aerogel,congo red,6.5,200,101.4,10.1021/acsomega.3c03130,deepseek-v4-flash (pdf2text),Bacterial_Cellulose_Aerogels_Derived_from_Pineapple_Peel_Waste_for_the_Adsorption_of_Dyes,yes,yes,yes,yes,yes,,C1=CC=C2C(=C1)C(=CC(=C2N)N=NC3=CC=C(C=C3)C4=CC=C(C=C4)N=NC5=C(C6=CC=CC=C6C(=C5)S(=O)(=O)[O-])N)S(=O)(=O)[O-].[Na+].[Na+]
BNC hydrogel,tetracycline,7,50,54.97,10.1038/s41598-025-18254-w,deepseek-v4-flash (pdf2text),Bacterial_nanocellulose-based_hydrogel_from_Bacillus_subtilis_W7_for_a_sustainable_adsorption_of_tetracycline_from_wastewater,yes,yes,yes,yes,yes,,C[C@@]1([C@H]2C[C@H]3[C@@H](C(=O)C(=C([C@]3(C(=O)C2=C(C4=C1C=CC=C4O)O)O)O)C(=O)N)N(C)C)O
BNC hydrogel,tetracycline,7,NaN,59.52,10.1038/s41598-025-18254-w,deepseek-v4-flash (pdf2text),Bacterial_nanocellulose-based_hydrogel_from_Bacillus_subtilis_W7_for_a_sustainable_adsorption_of_tetracycline_from_wastewater,yes,yes,yes,no,yes,,C[C@@]1([C@H]2C[C@H]3[C@@H](C(=O)C(=C([C@]3(C(=O)C2=C(C4=C1C=CC=C4O)O)O)O)C(=O)N)N(C)C)O
BNC hydrogel,tetracycline,NaN,80,75.24,10.1038/s41598-025-18254-w,deepseek-v4-flash (pdf2text),Bacterial_nanocellulose-based_hydrogel_from_Bacillus_subtilis_W7_for_a_sustainable_adsorption_of_tetracycline_from_wastewater,yes,yes,no,yes,yes,,C[C@@]1([C@H]2C[C@H]3[C@@H](C(=O)C(=C([C@]3(C(=O)C2=C(C4=C1C=CC=C4O)O)O)O)C(=O)N)N(C)C)O
Sapotaceae seed (chitosan+acid),Cr(VI),NaN,NaN,84.31,[54],deepseek-v4-flash (pdf2text),Bioadsorbents_for_remediation_of_heavy_metals_Current_status_and_their_future_prospects,yes,yes,no,no,yes,,
Sapotaceae seed (chitosan coated),Cr(VI),NaN,NaN,76.23,[54],deepseek-v4-flash (pdf2text),Bioadsorbents_for_remediation_of_heavy_metals_Current_status_and_their_future_prospects,yes,yes,no,no,yes,,
CSC (chitosan+HNO3),Cr(VI),NaN,NaN,10.88,[63],deepseek-v4-flash (pdf2text),Bioadsorbents_for_remediation_of_heavy_metals_Current_status_and_their_future_prospects,yes,yes,no,no,yes,,
CSC (chitosan+H2SO4),Cr(VI),NaN,NaN,4.05,[63],deepseek-v4-flash (pdf2text),Bioadsorbents_for_remediation_of_heavy_metals_Current_status_and_their_future_prospects,yes,yes,no,no,yes,,
CSCCC (chitosan),Cr(VI),NaN,NaN,3.65,[63],deepseek-v4-flash (pdf2text),Bioadsorbents_for_remediation_of_heavy_metals_Current_status_and_their_future_prospects,yes,yes,no,no,yes,,
Shell carbon (H3PO4+chitosan),Zn(II),NaN,NaN,60.41,[103],deepseek-v4-flash (pdf2text),Bioadsorbents_for_remediation_of_heavy_metals_Current_status_and_their_future_prospects,yes,yes,no,no,yes,,
Shell carbon (chitosan mod),Zn(II),NaN,NaN,50.93,[103],deepseek-v4-flash (pdf2text),Bioadsorbents_for_remediation_of_heavy_metals_Current_status_and_their_future_prospects,yes,yes,no,no,yes,,
Spirodela polyrhiza (L.) Schleiden biomass,Cd(II),NaN,NaN,36,[134],deepseek-v4-flash (pdf2text),Bioadsorbents_for_remediation_of_heavy_metals_Current_status_and_their_future_prospects,yes,yes,no,no,yes,,[Cd+2]
Spirodela polyrhiza (L.) Schleiden biomass,Pb(II),NaN,NaN,137,[134],deepseek-v4-flash (pdf2text),Bioadsorbents_for_remediation_of_heavy_metals_Current_status_and_their_future_prospects,yes,yes,no,no,yes,,[Pb+2]
Cs/lig/PEG,Cr(VI),2,NaN,53.7,https://doi.org/10.1007/s42452-025-07646-2,deepseek-v4-flash (pdf2text),Biocomposite_films_based_on_chitosan_and_lignin_integrated_with_starch_polyethylene_glycol_and_multi-walled_carbon_nanotubes_for_CrVI_adsorption_from_aqueous_solutions,yes,yes,yes,no,yes,,
Non-Imprinted Polymer (NIP),salicylic acid,NaN,NaN,63.5,"""Xu et al.",deepseek-v4-flash (pdf2text),Biogenic_Silica_Extracted_from_Salacca_Leaves_Ash_for_The_Adsorption_of_Salycilic_Acid,yes,yes,no,no,yes,,
Molecularly Imprinted Chitosan,salicylic acid,NaN,NaN,30.42,"""Rahangdale et al.",deepseek-v4-flash (pdf2text),Biogenic_Silica_Extracted_from_Salacca_Leaves_Ash_for_The_Adsorption_of_Salycilic_Acid,yes,yes,no,no,yes,,
Molecularly Imprinted Polymer,salicylic acid,NaN,NaN,30.3,"""Rahangdale et al.",deepseek-v4-flash (pdf2text),Biogenic_Silica_Extracted_from_Salacca_Leaves_Ash_for_The_Adsorption_of_Salycilic_Acid,yes,yes,no,no,yes,,
"""Lentinus concinnus immobilized with PVA/PEO hydrogels""","""RY-86""",5,200,87.6,"""Bayramoglu and Yilmaz (2018)""",deepseek-v4-flash (pdf2text),Biomass-Based_Adsorbents_for_Removal_of_Dyes_From_Wastewater_A_Review,yes,yes,yes,yes,yes,,
Spheroidal cellulose,Cr(III),5,NaN,89.90,"""Liu et al.",deepseek-v4-flash (pdf2text),Biosorption_of_Cr_III_from_Aqueous_Solutions_Using_Bacterium_Biomass_Streptomyces_rimosus,yes,yes,yes,no,yes,,
Aluminium impregnated chitosan,Fluoride,NaN,NaN,1.73,Table 2,deepseek-v4-flash (pdf2text),Biosorption_of_Fluoride_from_Water_by_Fabricated_Chitosan_Doped_Graphite_Novel_Composite,yes,yes,no,no,yes,,
Protonated chitosan beads,Fluoride,NaN,NaN,1.66,Table 2,deepseek-v4-flash (pdf2text),Biosorption_of_Fluoride_from_Water_by_Fabricated_Chitosan_Doped_Graphite_Novel_Composite,yes,yes,no,no,yes,,
Nano-hydroxyapatite/chitosan composite,Fluoride,NaN,NaN,1.56,Table 2,deepseek-v4-flash (pdf2text),Biosorption_of_Fluoride_from_Water_by_Fabricated_Chitosan_Doped_Graphite_Novel_Composite,yes,yes,no,no,yes,,
Carboxylated chitosan beads,Fluoride,NaN,NaN,1.39,Table 2,deepseek-v4-flash (pdf2text),Biosorption_of_Fluoride_from_Water_by_Fabricated_Chitosan_Doped_Graphite_Novel_Composite,yes,yes,no,no,yes,,
Hydrotalcite/chitosan composite,Fluoride,NaN,NaN,1.26,Table 2,deepseek-v4-flash (pdf2text),Biosorption_of_Fluoride_from_Water_by_Fabricated_Chitosan_Doped_Graphite_Novel_Composite,yes,yes,no,no,yes,,
Metal-alginate particles crosslinked with Zn2+,Ciprofloxacin,7.0,0.1-1.5,928.6,Azizeh et al. (2024),deepseek-v4-flash (pdf2text),Biotechnological_adsorbents_for_removal_of_drugs_from_water_use_of_microorganisms_biopolymers_and_composite_materials,yes,yes,yes,yes,yes,,C1CC1N2C=C(C(=O)C3=CC(=C(C=C32)N4CCNCC4)F)C(=O)O
Metal-alginate particles crosslinked with Zn2+,Doxycycline,7.0,0.1-2.5,690.0,Azizeh et al. (2024),deepseek-v4-flash (pdf2text),Biotechnological_adsorbents_for_removal_of_drugs_from_water_use_of_microorganisms_biopolymers_and_composite_materials,yes,yes,yes,yes,yes,,C[C@@H]1[C@H]2[C@@H]([C@H]3[C@@H](C(=O)C(=C([C@]3(C(=O)C2=C(C4=C1C=CC=C4O)O)O)O)C(=O)N)N(C)C)O
Metal-alginate particles crosslinked with Zn2+,Amoxicillin,7.0,0.05-1,1.20,Azizeh et al. (2024),deepseek-v4-flash (pdf2text),Biotechnological_adsorbents_for_removal_of_drugs_from_water_use_of_microorganisms_biopolymers_and_composite_materials,yes,yes,yes,yes,yes,,CC1([C@@H](N2[C@H](S1)[C@@H](C2=O)NC(=O)[C@@H](C3=CC=C(C=C3)O)N)C(=O)O)C
Metal-alginate particles crosslinked with Fe3+,Ciprofloxacin,NaN,0.1-1.5,356.5,Azizeh et al. (2024),deepseek-v4-flash (pdf2text),Biotechnological_adsorbents_for_removal_of_drugs_from_water_use_of_microorganisms_biopolymers_and_composite_materials,yes,yes,no,yes,yes,,C1CC1N2C=C(C(=O)C3=CC(=C(C=C32)N4CCNCC4)F)C(=O)O
Metal-alginate particles crosslinked with Fe3+,Doxycycline,NaN,0.1-2.5,90.00,Azizeh et al. (2024),deepseek-v4-flash (pdf2text),Biotechnological_adsorbents_for_removal_of_drugs_from_water_use_of_microorganisms_biopolymers_and_composite_materials,yes,yes,no,yes,yes,,C[C@@H]1[C@H]2[C@@H]([C@H]3[C@@H](C(=O)C(=C([C@]3(C(=O)C2=C(C4=C1C=CC=C4O)O)O)O)C(=O)N)N(C)C)O
Metal-alginate particles crosslinked with Fe3+,Amoxicillin,NaN,0.05-1,11.50,Azizeh et al. (2024),deepseek-v4-flash (pdf2text),Biotechnological_adsorbents_for_removal_of_drugs_from_water_use_of_microorganisms_biopolymers_and_composite_materials,yes,yes,no,yes,yes,,CC1([C@@H](N2[C@H](S1)[C@@H](C2=O)NC(=O)[C@@H](C3=CC=C(C=C3)O)N)C(=O)O)C
Bacterial cellulose/chitosan -MIL-100(Fe),Dacarbazine,4.2,NaN,340.0,"""Barjasteh; Akrami; Dehnavi (2024)""",deepseek-v4-flash (pdf2text),Biotechnological_adsorbents_for_removal_of_drugs_from_water_use_of_microorganisms_biopolymers_and_composite_materials,yes,yes,yes,no,yes,,
"""Chitosan",magnetite,"and Arthrospira platensis""",Tetracycline,8.0,10-200,deepseek-v4-flash (pdf2text),Biotechnological_adsorbents_for_removal_of_drugs_from_water_use_of_microorganisms_biopolymers_and_composite_materials,yes,yes,yes,yes,yes,,
"""Chitosan",magnetite,"and Arthrospira platensis""",Ciprofloxacin,6.0,NaN,deepseek-v4-flash (pdf2text),Biotechnological_adsorbents_for_removal_of_drugs_from_water_use_of_microorganisms_biopolymers_and_composite_materials,yes,yes,yes,yes,yes,,
"""Chitosan",magnetite,"and Arthrospira platensis""",Amoxicillin,6.0,NaN,deepseek-v4-flash (pdf2text),Biotechnological_adsorbents_for_removal_of_drugs_from_water_use_of_microorganisms_biopolymers_and_composite_materials,yes,yes,yes,yes,yes,,
"""Chitosan",magnetite,"and Chlorella vulgaris""",Tetracycline,8.0,NaN,deepseek-v4-flash (pdf2text),Biotechnological_adsorbents_for_removal_of_drugs_from_water_use_of_microorganisms_biopolymers_and_composite_materials,yes,yes,yes,yes,yes,,
"""Chitosan",magnetite,"and Chlorella vulgaris""",Ciprofloxacin,6.0,NaN,deepseek-v4-flash (pdf2text),Biotechnological_adsorbents_for_removal_of_drugs_from_water_use_of_microorganisms_biopolymers_and_composite_materials,yes,yes,yes,yes,yes,,
"""Chitosan",magnetite,"and Chlorella vulgaris""",Amoxicillin,6.0,NaN,deepseek-v4-flash (pdf2text),Biotechnological_adsorbents_for_removal_of_drugs_from_water_use_of_microorganisms_biopolymers_and_composite_materials,yes,yes,yes,yes,yes,,
Calcium phosphate-chitosan,Tetracycline,11.0,0-500,223.8,Said et al. (2024),deepseek-v4-flash (pdf2text),Biotechnological_adsorbents_for_removal_of_drugs_from_water_use_of_microorganisms_biopolymers_and_composite_materials,yes,yes,yes,yes,yes,,C[C@@]1([C@H]2C[C@H]3[C@@H](C(=O)C(=C([C@]3(C(=O)C2=C(C4=C1C=CC=C4O)O)O)O)C(=O)N)N(C)C)O
Hybrid spheres of alginate/geopolymer,Fluorouracil,7.8,0.10-20,6.28,Ben Amor et al. (2023),deepseek-v4-flash (pdf2text),Biotechnological_adsorbents_for_removal_of_drugs_from_water_use_of_microorganisms_biopolymers_and_composite_materials,yes,yes,yes,yes,yes,,
Calcium alginate/chitosan hydrogel spheres,Norfloxacin,6.5,25-200,310.6,Tang et al. (2023),deepseek-v4-flash (pdf2text),Biotechnological_adsorbents_for_removal_of_drugs_from_water_use_of_microorganisms_biopolymers_and_composite_materials,yes,yes,yes,yes,yes,,CCN1C=C(C(=O)C2=CC(=C(C=C21)N3CCNCC3)F)C(=O)O
Polyethylenimine-grafted crosslinked chitosan spheres,Sodium diclofenac,5.0,50-200,253.3,Lu et al. (2020),deepseek-v4-flash (pdf2text),Biotechnological_adsorbents_for_removal_of_drugs_from_water_use_of_microorganisms_biopolymers_and_composite_materials,yes,yes,yes,yes,yes,,
Amino hydroxyapatite/chitosan hybrids crosslinked with glutaraldehyde,Sodium diclofenac,6.0,NaN,139.5,Pereira et al. (2020),deepseek-v4-flash (pdf2text),Biotechnological_adsorbents_for_removal_of_drugs_from_water_use_of_microorganisms_biopolymers_and_composite_materials,yes,yes,yes,no,yes,,
NH2-PAA/Alginate,Pb(II),5.0,50,39.91,https://doi.org/10.21203/rs.3.rs-531371/v1,deepseek-v4-flash (pdf2text),CadmiumII_Capture_Using_Amino_Functionalized_Hydrogel_with_Double_Network_Interpenetrating_Structure_Adsorption_Behavior_Study,yes,yes,yes,yes,yes,,[Pb+2]
NH2-PAA/Alginate,Mn(II),5.0,50,17.07,https://doi.org/10.21203/rs.3.rs-531371/v1,deepseek-v4-flash (pdf2text),CadmiumII_Capture_Using_Amino_Functionalized_Hydrogel_with_Double_Network_Interpenetrating_Structure_Adsorption_Behavior_Study,yes,yes,yes,yes,yes,,
NH2-PAA/Alginate,Cu(II),5.0,50,15.82,https://doi.org/10.21203/rs.3.rs-531371/v1,deepseek-v4-flash (pdf2text),CadmiumII_Capture_Using_Amino_Functionalized_Hydrogel_with_Double_Network_Interpenetrating_Structure_Adsorption_Behavior_Study,yes,yes,yes,yes,yes,,
NH2-PAA/Alginate,Ni(II),5.0,50,13.51,https://doi.org/10.21203/rs.3.rs-531371/v1,deepseek-v4-flash (pdf2text),CadmiumII_Capture_Using_Amino_Functionalized_Hydrogel_with_Double_Network_Interpenetrating_Structure_Adsorption_Behavior_Study,yes,yes,yes,yes,yes,,
NH2-PAA/Alginate,Cd(II),5.0,50,12.02,https://doi.org/10.21203/rs.3.rs-531371/v1,deepseek-v4-flash (pdf2text),CadmiumII_Capture_Using_Amino_Functionalized_Hydrogel_with_Double_Network_Interpenetrating_Structure_Adsorption_Behavior_Study,yes,yes,yes,yes,yes,,[Cd+2]
NH2-PAA/Alginate,Zn(II),5.0,50,9.78,https://doi.org/10.21203/rs.3.rs-531371/v1,deepseek-v4-flash (pdf2text),CadmiumII_Capture_Using_Amino_Functionalized_Hydrogel_with_Double_Network_Interpenetrating_Structure_Adsorption_Behavior_Study,yes,yes,yes,yes,yes,,
Chitosan-Fe2O3,Acid Blue 113,3,10,16.61,This study,deepseek-v4-flash (pdf2text),Capacity_and_Modeling_of_Acid_Blue_113_Dye_Adsorption_onto_Chitosan_Magnetized_by_Fe2O3_Nanoparticles,yes,yes,yes,yes,yes,,
Chitosan-Fe2O3,Acid Blue 113,3,25,38.86,This study,deepseek-v4-flash (pdf2text),Capacity_and_Modeling_of_Acid_Blue_113_Dye_Adsorption_onto_Chitosan_Magnetized_by_Fe2O3_Nanoparticles,yes,yes,yes,yes,yes,,
Chitosan-Fe2O3,Acid Blue 113,3,50,71.21,This study,deepseek-v4-flash (pdf2text),Capacity_and_Modeling_of_Acid_Blue_113_Dye_Adsorption_onto_Chitosan_Magnetized_by_Fe2O3_Nanoparticles,yes,yes,yes,yes,yes,,
Chitosan-Fe2O3,Acid Blue 113,3,100,129.80,This study,deepseek-v4-flash (pdf2text),Capacity_and_Modeling_of_Acid_Blue_113_Dye_Adsorption_onto_Chitosan_Magnetized_by_Fe2O3_Nanoparticles,yes,yes,yes,yes,yes,,
Chitosan/40%NAC/2%APTES,Acetaminophen,NaN,NaN,407.83,47,deepseek-v4-flash (pdf2text),Carbon-based_composites_for_removal_of_pharmaceutical_components_from_water,yes,yes,no,no,yes,,CC(=O)NC1=CC=C(C=C1)O
CQD-g-C3N4-PANI,Ciprofloxacin,NaN,NaN,87.6,111,deepseek-v4-flash (pdf2text),Carbon-based_composites_for_removal_of_pharmaceutical_components_from_water,yes,yes,no,no,yes,,C1CC1N2C=C(C(=O)C3=CC(=C(C=C32)N4CCNCC4)F)C(=O)O
Chitosan-walnut shells composite (Ch-W),Levofloxacin,7,4,7.43,[27],deepseek-v4-flash (pdf2text),Carbon_Dots_Derived_from_Waste_Fish_Scale_for_Enhanced_Removal_of_Levofloxacin_Drug_Parametric_Optimization_Isotherm_and_Kinetic_Studies,yes,yes,yes,yes,yes,,C[C@H]1COC2=C3N1C=C(C(=O)C3=CC(=C2N4CCN(CC4)C)F)C(=O)O
Chitosan-walnut shells composite (Ch-W),Levofloxacin,7,2,3.77,[27],deepseek-v4-flash (pdf2text),Carbon_Dots_Derived_from_Waste_Fish_Scale_for_Enhanced_Removal_of_Levofloxacin_Drug_Parametric_Optimization_Isotherm_and_Kinetic_Studies,yes,yes,yes,yes,yes,,C[C@H]1COC2=C3N1C=C(C(=O)C3=CC(=C2N4CCN(CC4)C)F)C(=O)O
"""Chitosan""","""Acid Red 18""",NaN,NaN,693.2,"""[83]""",deepseek-v4-flash (pdf2text),Carbonized_metalorganic_frameworks_with_trapped_cobalt_nanoparticles_as_biocompatible_and_efficient_azo-dye_adsorbent,yes,yes,no,no,yes,,
"""Nanochitosan""","""Acid Red 18""",NaN,NaN,243.92,"""[78]""",deepseek-v4-flash (pdf2text),Carbonized_metalorganic_frameworks_with_trapped_cobalt_nanoparticles_as_biocompatible_and_efficient_azo-dye_adsorbent,yes,yes,no,no,yes,,
"""Chitosan-based semi-IPN hydrogel""","""Acid Red 18""",NaN,NaN,358.42,"""[85]""",deepseek-v4-flash (pdf2text),Carbonized_metalorganic_frameworks_with_trapped_cobalt_nanoparticles_as_biocompatible_and_efficient_azo-dye_adsorbent,yes,yes,no,no,yes,,
CNC/PEI/SA/PVA composite,Diclofenac sodium,NaN,NaN,418.4,Fan et al.,deepseek-v4-flash (pdf2text),Cellulose-based_adsorbents_for_solid_phase_extraction_and_recovery_of_pharmaceutical_residues_from_water,yes,yes,no,no,yes,,
cellulosic sisal fiber/PPy/PANI,Ibuprofen,NaN,NaN,21.5,Khadir et al.,deepseek-v4-flash (pdf2text),Cellulose-based_adsorbents_for_solid_phase_extraction_and_recovery_of_pharmaceutical_residues_from_water,yes,yes,no,no,yes,,CC(C)CC1=CC=C(C=C1)C(C)C(=O)O
cellulose citrate,methylene blue,6.2,10,9.57,RSC Adv. 2021,deepseek-v4-flash (pdf2text),Cellulose_citrate_a_convenient_and_reusable_bio-adsorbent_for_effective_removal_of_methylene_blue_dye_from_artificially_contaminated_water,yes,yes,yes,yes,yes,,
cellulose citrate,methylene blue,NaN,30,18.99,RSC Adv. 2021,deepseek-v4-flash (pdf2text),Cellulose_citrate_a_convenient_and_reusable_bio-adsorbent_for_effective_removal_of_methylene_blue_dye_from_artificially_contaminated_water,yes,yes,no,yes,yes,,
cellulose citrate,methylene blue,NaN,NaN,96.2,RSC Adv. 2021,deepseek-v4-flash (pdf2text),Cellulose_citrate_a_convenient_and_reusable_bio-adsorbent_for_effective_removal_of_methylene_blue_dye_from_artificially_contaminated_water,yes,yes,no,no,yes,,
"""cellulose-based aerogel""","""Congo Red""",NaN,NaN,3429.23,NaN,deepseek-v4-flash (pdf2text),Challenges_and_advances_in_nanocellulose-based_adsorbents_for_dye_removal_mechanisms_and_future_directions,yes,yes,no,no,yes,,C1=CC=C2C(=C1)C(=CC(=C2N)N=NC3=CC=C(C=C3)C4=CC=C(C=C4)N=NC5=C(C6=CC=CC=C6C(=C5)S(=O)(=O)[O-])N)S(=O)(=O)[O-].[Na+].[Na+]
"""magnetic nanocellulose-based adsorbents""","""malachite green""",NaN,NaN,2282.3,NaN,deepseek-v4-flash (pdf2text),Challenges_and_advances_in_nanocellulose-based_adsorbents_for_dye_removal_mechanisms_and_future_directions,yes,yes,no,no,yes,,
"""TEMPO-oxidized cellulose beads""","""methylene blue""",NaN,NaN,495,39,deepseek-v4-flash (pdf2text),Challenges_and_advances_in_nanocellulose-based_adsorbents_for_dye_removal_mechanisms_and_future_directions,yes,yes,no,no,yes,,
"""chitosan/PVA/cornstarch/NC film""","""methylene blue""",NaN,NaN,63.13,50,deepseek-v4-flash (pdf2text),Challenges_and_advances_in_nanocellulose-based_adsorbents_for_dye_removal_mechanisms_and_future_directions,yes,yes,no,no,yes,,
"""NC/chitosan hydrogel beads""","""methylene blue""",NaN,NaN,11.18,58,deepseek-v4-flash (pdf2text),Challenges_and_advances_in_nanocellulose-based_adsorbents_for_dye_removal_mechanisms_and_future_directions,yes,yes,no,no,yes,,
"""NC/chitosan hydrogel beads""","""crystal violet""",NaN,NaN,34.82,58,deepseek-v4-flash (pdf2text),Challenges_and_advances_in_nanocellulose-based_adsorbents_for_dye_removal_mechanisms_and_future_directions,yes,yes,no,no,yes,,
"""NC/CMC/alginate hydrogel beads""","""methylene blue""",NaN,NaN,109.03,60,deepseek-v4-flash (pdf2text),Challenges_and_advances_in_nanocellulose-based_adsorbents_for_dye_removal_mechanisms_and_future_directions,yes,yes,no,no,yes,,
"""PEI-MFC cryogel""","""methyl orange""",NaN,NaN,500,44,deepseek-v4-flash (pdf2text),Challenges_and_advances_in_nanocellulose-based_adsorbents_for_dye_removal_mechanisms_and_future_directions,yes,yes,no,no,yes,,
"""PPY-coated NC""","""Congo Red""",NaN,NaN,298.98,63,deepseek-v4-flash (pdf2text),Challenges_and_advances_in_nanocellulose-based_adsorbents_for_dye_removal_mechanisms_and_future_directions,yes,yes,no,no,yes,,C1=CC=C2C(=C1)C(=CC(=C2N)N=NC3=CC=C(C=C3)C4=CC=C(C=C4)N=NC5=C(C6=CC=CC=C6C(=C5)S(=O)(=O)[O-])N)S(=O)(=O)[O-].[Na+].[Na+]
"""magnetic cellulose adsorbent""","""Congo Red""",NaN,0.2,500,64,deepseek-v4-flash (pdf2text),Challenges_and_advances_in_nanocellulose-based_adsorbents_for_dye_removal_mechanisms_and_future_directions,yes,yes,no,yes,yes,,C1=CC=C2C(=C1)C(=CC(=C2N)N=NC3=CC=C(C=C3)C4=CC=C(C=C4)N=NC5=C(C6=CC=CC=C6C(=C5)S(=O)(=O)[O-])N)S(=O)(=O)[O-].[Na+].[Na+]
"""magnetic cellulose adsorbent""","""Congo Red""",NaN,0.55,1250,64,deepseek-v4-flash (pdf2text),Challenges_and_advances_in_nanocellulose-based_adsorbents_for_dye_removal_mechanisms_and_future_directions,yes,yes,no,yes,yes,,C1=CC=C2C(=C1)C(=CC(=C2N)N=NC3=CC=C(C=C3)C4=CC=C(C=C4)N=NC5=C(C6=CC=CC=C6C(=C5)S(=O)(=O)[O-])N)S(=O)(=O)[O-].[Na+].[Na+]
"""AAm hydrogel""","""Janus Green B""",NaN,NaN,0,"""10.4236/jeas.2021.112003""",deepseek-v4-flash (pdf2text),Characterization_of_AAm4-Styrenesulfonic_Acid_Sodium_SaltPEG_Hydrogels_Crosslinked_by_PEGDA_as_Highly_Swollen_Adsorbents_for_the_Effective_Removal_of_Janus_Green_B_from_Aqueous_Solutions,yes,yes,no,no,yes,,
"""AAm/SSS hydrogel (SSS=10 mg)""","""Janus Green B""",NaN,0.002,1.35E-4,"""10.4236/jeas.2021.112003""",deepseek-v4-flash (pdf2text),Characterization_of_AAm4-Styrenesulfonic_Acid_Sodium_SaltPEG_Hydrogels_Crosslinked_by_PEGDA_as_Highly_Swollen_Adsorbents_for_the_Effective_Removal_of_Janus_Green_B_from_Aqueous_Solutions,yes,yes,no,yes,yes,,
"""AAm/SSS hydrogel (SSS=20 mg)""","""Janus Green B""",NaN,0.002,1.88E-4,"""10.4236/jeas.2021.112003""",deepseek-v4-flash (pdf2text),Characterization_of_AAm4-Styrenesulfonic_Acid_Sodium_SaltPEG_Hydrogels_Crosslinked_by_PEGDA_as_Highly_Swollen_Adsorbents_for_the_Effective_Removal_of_Janus_Green_B_from_Aqueous_Solutions,yes,yes,no,yes,yes,,
"""AAm/SSS hydrogel (SSS=30 mg)""","""Janus Green B""",NaN,0.002,2.09E-4,"""10.4236/jeas.2021.112003""",deepseek-v4-flash (pdf2text),Characterization_of_AAm4-Styrenesulfonic_Acid_Sodium_SaltPEG_Hydrogels_Crosslinked_by_PEGDA_as_Highly_Swollen_Adsorbents_for_the_Effective_Removal_of_Janus_Green_B_from_Aqueous_Solutions,yes,yes,no,yes,yes,,
"""AAm/SSS hydrogel (SSS=40 mg)""","""Janus Green B""",NaN,0.002,2.76E-4,"""10.4236/jeas.2021.112003""",deepseek-v4-flash (pdf2text),Characterization_of_AAm4-Styrenesulfonic_Acid_Sodium_SaltPEG_Hydrogels_Crosslinked_by_PEGDA_as_Highly_Swollen_Adsorbents_for_the_Effective_Removal_of_Janus_Green_B_from_Aqueous_Solutions,yes,yes,no,yes,yes,,
"""AAm/SSS hydrogel (SSS=50 mg)""","""Janus Green B""",NaN,0.002,2.93E-4,"""10.4236/jeas.2021.112003""",deepseek-v4-flash (pdf2text),Characterization_of_AAm4-Styrenesulfonic_Acid_Sodium_SaltPEG_Hydrogels_Crosslinked_by_PEGDA_as_Highly_Swollen_Adsorbents_for_the_Effective_Removal_of_Janus_Green_B_from_Aqueous_Solutions,yes,yes,no,yes,yes,,
"""AAm/SSS hydrogel (SSS=60 mg)""","""Janus Green B""",NaN,0.002,3.47E-4,"""10.4236/jeas.2021.112003""",deepseek-v4-flash (pdf2text),Characterization_of_AAm4-Styrenesulfonic_Acid_Sodium_SaltPEG_Hydrogels_Crosslinked_by_PEGDA_as_Highly_Swollen_Adsorbents_for_the_Effective_Removal_of_Janus_Green_B_from_Aqueous_Solutions,yes,yes,no,yes,yes,,
"""AAm/SSS hydrogel (SSS=70 mg)""","""Janus Green B""",NaN,0.002,3.72E-4,"""10.4236/jeas.2021.112003""",deepseek-v4-flash (pdf2text),Characterization_of_AAm4-Styrenesulfonic_Acid_Sodium_SaltPEG_Hydrogels_Crosslinked_by_PEGDA_as_Highly_Swollen_Adsorbents_for_the_Effective_Removal_of_Janus_Green_B_from_Aqueous_Solutions,yes,yes,no,yes,yes,,
"""AAm/SSS hydrogel (SSS=80 mg)""","""Janus Green B""",NaN,0.002,4.12E-4,"""10.4236/jeas.2021.112003""",deepseek-v4-flash (pdf2text),Characterization_of_AAm4-Styrenesulfonic_Acid_Sodium_SaltPEG_Hydrogels_Crosslinked_by_PEGDA_as_Highly_Swollen_Adsorbents_for_the_Effective_Removal_of_Janus_Green_B_from_Aqueous_Solutions,yes,yes,no,yes,yes,,
"""AAm/SSS/PEG semi-IPN (SSS=10 mg","PEG=0.5 g)""","""Janus Green B""",NaN,0.002,1.43E-4,deepseek-v4-flash (pdf2text),Characterization_of_AAm4-Styrenesulfonic_Acid_Sodium_SaltPEG_Hydrogels_Crosslinked_by_PEGDA_as_Highly_Swollen_Adsorbents_for_the_Effective_Removal_of_Janus_Green_B_from_Aqueous_Solutions,yes,yes,yes,no,yes,,
"""AAm/SSS/PEG semi-IPN (SSS=20 mg","PEG=0.5 g)""","""Janus Green B""",NaN,0.002,1.56E-4,deepseek-v4-flash (pdf2text),Characterization_of_AAm4-Styrenesulfonic_Acid_Sodium_SaltPEG_Hydrogels_Crosslinked_by_PEGDA_as_Highly_Swollen_Adsorbents_for_the_Effective_Removal_of_Janus_Green_B_from_Aqueous_Solutions,yes,yes,yes,no,yes,,
"""AAm/SSS/PEG semi-IPN (SSS=30 mg","PEG=0.5 g)""","""Janus Green B""",NaN,0.002,2.39E-4,deepseek-v4-flash (pdf2text),Characterization_of_AAm4-Styrenesulfonic_Acid_Sodium_SaltPEG_Hydrogels_Crosslinked_by_PEGDA_as_Highly_Swollen_Adsorbents_for_the_Effective_Removal_of_Janus_Green_B_from_Aqueous_Solutions,yes,yes,yes,no,yes,,
"""AAm/SSS/PEG semi-IPN (SSS=40 mg","PEG=0.5 g)""","""Janus Green B""",NaN,0.002,2.66E-4,deepseek-v4-flash (pdf2text),Characterization_of_AAm4-Styrenesulfonic_Acid_Sodium_SaltPEG_Hydrogels_Crosslinked_by_PEGDA_as_Highly_Swollen_Adsorbents_for_the_Effective_Removal_of_Janus_Green_B_from_Aqueous_Solutions,yes,yes,yes,no,yes,,
"""AAm/SSS/PEG semi-IPN (SSS=50 mg","PEG=0.5 g)""","""Janus Green B""",NaN,0.002,3.09E-4,deepseek-v4-flash (pdf2text),Characterization_of_AAm4-Styrenesulfonic_Acid_Sodium_SaltPEG_Hydrogels_Crosslinked_by_PEGDA_as_Highly_Swollen_Adsorbents_for_the_Effective_Removal_of_Janus_Green_B_from_Aqueous_Solutions,yes,yes,yes,no,yes,,
"""AAm/SSS/PEG semi-IPN (SSS=60 mg","PEG=0.5 g)""","""Janus Green B""",NaN,0.002,3.44E-4,deepseek-v4-flash (pdf2text),Characterization_of_AAm4-Styrenesulfonic_Acid_Sodium_SaltPEG_Hydrogels_Crosslinked_by_PEGDA_as_Highly_Swollen_Adsorbents_for_the_Effective_Removal_of_Janus_Green_B_from_Aqueous_Solutions,yes,yes,yes,no,yes,,
"""AAm/SSS/PEG semi-IPN (SSS=70 mg","PEG=0.5 g)""","""Janus Green B""",NaN,0.002,3.51E-4,deepseek-v4-flash (pdf2text),Characterization_of_AAm4-Styrenesulfonic_Acid_Sodium_SaltPEG_Hydrogels_Crosslinked_by_PEGDA_as_Highly_Swollen_Adsorbents_for_the_Effective_Removal_of_Janus_Green_B_from_Aqueous_Solutions,yes,yes,yes,no,yes,,
"""AAm/SSS/PEG semi-IPN (SSS=80 mg","PEG=0.5 g)""","""Janus Green B""",NaN,0.002,3.97E-4,deepseek-v4-flash (pdf2text),Characterization_of_AAm4-Styrenesulfonic_Acid_Sodium_SaltPEG_Hydrogels_Crosslinked_by_PEGDA_as_Highly_Swollen_Adsorbents_for_the_Effective_Removal_of_Janus_Green_B_from_Aqueous_Solutions,yes,yes,yes,no,yes,,
"""AAm/SSS/PEG semi-IPN (SSS=60 mg","PEG=0 g)""","""Janus Green B""",NaN,NaN,3.47E-4,deepseek-v4-flash (pdf2text),Characterization_of_AAm4-Styrenesulfonic_Acid_Sodium_SaltPEG_Hydrogels_Crosslinked_by_PEGDA_as_Highly_Swollen_Adsorbents_for_the_Effective_Removal_of_Janus_Green_B_from_Aqueous_Solutions,yes,yes,yes,no,no,,
"""AAm/SSS/PEG semi-IPN (SSS=60 mg","PEG=0.25 g)""","""Janus Green B""",NaN,NaN,3.29E-4,deepseek-v4-flash (pdf2text),Characterization_of_AAm4-Styrenesulfonic_Acid_Sodium_SaltPEG_Hydrogels_Crosslinked_by_PEGDA_as_Highly_Swollen_Adsorbents_for_the_Effective_Removal_of_Janus_Green_B_from_Aqueous_Solutions,yes,yes,yes,no,no,,
"""AAm/SSS/PEG semi-IPN (SSS=60 mg","PEG=0.50 g)""","""Janus Green B""",NaN,NaN,3.44E-4,deepseek-v4-flash (pdf2text),Characterization_of_AAm4-Styrenesulfonic_Acid_Sodium_SaltPEG_Hydrogels_Crosslinked_by_PEGDA_as_Highly_Swollen_Adsorbents_for_the_Effective_Removal_of_Janus_Green_B_from_Aqueous_Solutions,yes,yes,yes,no,no,,
"""AAm/SSS/PEG semi-IPN (SSS=60 mg","PEG=0.75 g)""","""Janus Green B""",NaN,NaN,3.16E-4,deepseek-v4-flash (pdf2text),Characterization_of_AAm4-Styrenesulfonic_Acid_Sodium_SaltPEG_Hydrogels_Crosslinked_by_PEGDA_as_Highly_Swollen_Adsorbents_for_the_Effective_Removal_of_Janus_Green_B_from_Aqueous_Solutions,yes,yes,yes,no,no,,
"""AAm/SSS/PEG semi-IPN (SSS=60 mg","PEG=1.00 g)""","""Janus Green B""",NaN,NaN,3.43E-4,deepseek-v4-flash (pdf2text),Characterization_of_AAm4-Styrenesulfonic_Acid_Sodium_SaltPEG_Hydrogels_Crosslinked_by_PEGDA_as_Highly_Swollen_Adsorbents_for_the_Effective_Removal_of_Janus_Green_B_from_Aqueous_Solutions,yes,yes,yes,no,no,,
β-CD/Ch/PVA,Congo Red,3,NaN,1250,42,deepseek-v4-flash (pdf2text),Chitosan-Based_Hydrogels_for_Sustainable_Wastewater_Treatment_A_Comprehensive_Review_on_Dye_and_Heavy_Metal_Removal,yes,yes,yes,no,yes,,C1=CC=C2C(=C1)C(=CC(=C2N)N=NC3=CC=C(C=C3)C4=CC=C(C=C4)N=NC5=C(C6=CC=CC=C6C(=C5)S(=O)(=O)[O-])N)S(=O)(=O)[O-].[Na+].[Na+]
Chitosan hydrogel capsules,Congo Red,4,NaN,784.5,44,deepseek-v4-flash (pdf2text),Chitosan-Based_Hydrogels_for_Sustainable_Wastewater_Treatment_A_Comprehensive_Review_on_Dye_and_Heavy_Metal_Removal,yes,yes,yes,no,yes,,C1=CC=C2C(=C1)C(=CC(=C2N)N=NC3=CC=C(C=C3)C4=CC=C(C=C4)N=NC5=C(C6=CC=CC=C6C(=C5)S(=O)(=O)[O-])N)S(=O)(=O)[O-].[Na+].[Na+]
CS/CMC-PEG,Congo Red,4,NaN,666.67,45,deepseek-v4-flash (pdf2text),Chitosan-Based_Hydrogels_for_Sustainable_Wastewater_Treatment_A_Comprehensive_Review_on_Dye_and_Heavy_Metal_Removal,yes,yes,yes,no,yes,,C1=CC=C2C(=C1)C(=CC(=C2N)N=NC3=CC=C(C=C3)C4=CC=C(C=C4)N=NC5=C(C6=CC=CC=C6C(=C5)S(=O)(=O)[O-])N)S(=O)(=O)[O-].[Na+].[Na+]
Magnetic chitosan hydrogel beads,Methylene Blue,7,NaN,588.24,46,deepseek-v4-flash (pdf2text),Chitosan-Based_Hydrogels_for_Sustainable_Wastewater_Treatment_A_Comprehensive_Review_on_Dye_and_Heavy_Metal_Removal,yes,yes,yes,no,yes,,
CS/CMC-PEG,Methylene Blue,7,NaN,769.23,45,deepseek-v4-flash (pdf2text),Chitosan-Based_Hydrogels_for_Sustainable_Wastewater_Treatment_A_Comprehensive_Review_on_Dye_and_Heavy_Metal_Removal,yes,yes,yes,no,yes,,
Millettia speciosa Champ cellulose-CS magnetic hydrogel,Cu II,7,NaN,65.19,58,deepseek-v4-flash (pdf2text),Chitosan-Based_Hydrogels_for_Sustainable_Wastewater_Treatment_A_Comprehensive_Review_on_Dye_and_Heavy_Metal_Removal,yes,yes,yes,no,yes,,
CSL1 (chitosan/lignin hydrogel),Pb II,NaN,NaN,98.71,62,deepseek-v4-flash (pdf2text),Chitosan-Based_Hydrogels_for_Sustainable_Wastewater_Treatment_A_Comprehensive_Review_on_Dye_and_Heavy_Metal_Removal,yes,yes,no,no,yes,,
CSL1 (chitosan/lignin hydrogel),Cu II,NaN,NaN,139.86,62,deepseek-v4-flash (pdf2text),Chitosan-Based_Hydrogels_for_Sustainable_Wastewater_Treatment_A_Comprehensive_Review_on_Dye_and_Heavy_Metal_Removal,yes,yes,no,no,yes,,
chitosan,Amoxicillin,3,100,52,https://doi.org/10.1007/s11270-025-08223-4,deepseek-v4-flash (pdf2text),Chitosan-Derived_Porous_Carbon_for_Efficient_Adsorptive_Removal_of_Amoxicillin_and_Doxycycline_Antibiotics_from_Aqueous_Systems,yes,yes,yes,yes,yes,,CC1([C@@H](N2[C@H](S1)[C@@H](C2=O)NC(=O)[C@@H](C3=CC=C(C=C3)O)N)C(=O)O)C
chitosan,Amoxicillin,7,100,59,https://doi.org/10.1007/s11270-025-08223-4,deepseek-v4-flash (pdf2text),Chitosan-Derived_Porous_Carbon_for_Efficient_Adsorptive_Removal_of_Amoxicillin_and_Doxycycline_Antibiotics_from_Aqueous_Systems,yes,yes,yes,yes,yes,,CC1([C@@H](N2[C@H](S1)[C@@H](C2=O)NC(=O)[C@@H](C3=CC=C(C=C3)O)N)C(=O)O)C
chitosan,Amoxicillin,13,100,48,https://doi.org/10.1007/s11270-025-08223-4,deepseek-v4-flash (pdf2text),Chitosan-Derived_Porous_Carbon_for_Efficient_Adsorptive_Removal_of_Amoxicillin_and_Doxycycline_Antibiotics_from_Aqueous_Systems,yes,yes,yes,yes,yes,,CC1([C@@H](N2[C@H](S1)[C@@H](C2=O)NC(=O)[C@@H](C3=CC=C(C=C3)O)N)C(=O)O)C
chitosan,Doxycycline,3,100,82,https://doi.org/10.1007/s11270-025-08223-4,deepseek-v4-flash (pdf2text),Chitosan-Derived_Porous_Carbon_for_Efficient_Adsorptive_Removal_of_Amoxicillin_and_Doxycycline_Antibiotics_from_Aqueous_Systems,yes,yes,yes,yes,yes,,C[C@@H]1[C@H]2[C@@H]([C@H]3[C@@H](C(=O)C(=C([C@]3(C(=O)C2=C(C4=C1C=CC=C4O)O)O)O)C(=O)N)N(C)C)O
chitosan,Doxycycline,11,100,55,https://doi.org/10.1007/s11270-025-08223-4,deepseek-v4-flash (pdf2text),Chitosan-Derived_Porous_Carbon_for_Efficient_Adsorptive_Removal_of_Amoxicillin_and_Doxycycline_Antibiotics_from_Aqueous_Systems,yes,yes,yes,yes,yes,,C[C@@H]1[C@H]2[C@@H]([C@H]3[C@@H](C(=O)C(=C([C@]3(C(=O)C2=C(C4=C1C=CC=C4O)O)O)O)C(=O)N)N(C)C)O
chitosan,Congo Red,3,150,98,10.1038/s41598-024-77708-9,deepseek-v4-flash (pdf2text),Chitosan_impregnated_sugarcane_bagasse_biochar_for_removal_of_anionic_dyes_from_wastewater,yes,yes,yes,yes,yes,,C1=CC=C2C(=C1)C(=CC(=C2N)N=NC3=CC=C(C=C3)C4=CC=C(C=C4)N=NC5=C(C6=CC=CC=C6C(=C5)S(=O)(=O)[O-])N)S(=O)(=O)[O-].[Na+].[Na+]
chitosan,Congo Red,NaN,NaN,170.06,10.1038/s41598-024-77708-9,deepseek-v4-flash (pdf2text),Chitosan_impregnated_sugarcane_bagasse_biochar_for_removal_of_anionic_dyes_from_wastewater,yes,yes,no,no,yes,,C1=CC=C2C(=C1)C(=CC(=C2N)N=NC3=CC=C(C=C3)C4=CC=C(C=C4)N=NC5=C(C6=CC=CC=C6C(=C5)S(=O)(=O)[O-])N)S(=O)(=O)[O-].[Na+].[Na+]
chitosan (5 g/L),Cu(II),NaN,NaN,60,[100],deepseek-v4-flash (pdf2text),Chitosan_nanocomposites_for_the_removal_of_pollutants_from_waste_water,yes,yes,no,no,yes,,
chitosan (5 g/L),Cd(II),NaN,NaN,60,[100],deepseek-v4-flash (pdf2text),Chitosan_nanocomposites_for_the_removal_of_pollutants_from_waste_water,yes,yes,no,no,yes,,[Cd+2]
chitosan (5 g/L),Pb(II),NaN,NaN,60,[100],deepseek-v4-flash (pdf2text),Chitosan_nanocomposites_for_the_removal_of_pollutants_from_waste_water,yes,yes,no,no,yes,,[Pb+2]
Epichlorohydrin cross-linked chitosan/polyaniline beads,Tartrazine,6,NaN,435.0,[147],deepseek-v4-flash (pdf2text),Chitosan_nanocomposites_for_the_removal_of_pollutants_from_waste_water,yes,yes,yes,no,yes,,
CS/MMT/PANI NC,Methylene Blue,NaN,NaN,111,[150],deepseek-v4-flash (pdf2text),Chitosan_nanocomposites_for_the_removal_of_pollutants_from_waste_water,yes,yes,no,no,yes,,
Chitosan/magadiite hydrogel beads,Methylene Blue,NaN,NaN,45.25,[153],deepseek-v4-flash (pdf2text),Chitosan_nanocomposites_for_the_removal_of_pollutants_from_waste_water,yes,yes,no,no,yes,,
Chitosan/magadiite hydrogel beads,Congo Red,NaN,NaN,135.77,[153],deepseek-v4-flash (pdf2text),Chitosan_nanocomposites_for_the_removal_of_pollutants_from_waste_water,yes,yes,no,no,yes,,C1=CC=C2C(=C1)C(=CC(=C2N)N=NC3=CC=C(C=C3)C4=CC=C(C=C4)N=NC5=C(C6=CC=CC=C6C(=C5)S(=O)(=O)[O-])N)S(=O)(=O)[O-].[Na+].[Na+]
Alginates,methyl orange,NaN,NaN,0.02,[83],deepseek-v4-flash (pdf2text),Clay-based_materials_for_enhanced_water_treatment_adsorption_mechanisms_challenges_and_future_directions,yes,yes,no,no,yes,,
Alginates,methylene blue,NaN,NaN,0.7,[83],deepseek-v4-flash (pdf2text),Clay-based_materials_for_enhanced_water_treatment_adsorption_mechanisms_challenges_and_future_directions,yes,yes,no,no,yes,,
Na-alginate,methylene blue,NaN,NaN,572,[84],deepseek-v4-flash (pdf2text),Clay-based_materials_for_enhanced_water_treatment_adsorption_mechanisms_challenges_and_future_directions,yes,yes,no,no,yes,,
Alginate-beads,acridine orange,NaN,NaN,2.6,[85],deepseek-v4-flash (pdf2text),Clay-based_materials_for_enhanced_water_treatment_adsorption_mechanisms_challenges_and_future_directions,yes,yes,no,no,yes,,
PEG,Ni,1.2,0.7008,3.285,Table 7,deepseek-v4-flash (pdf2text),Comparative_Adsorptive_Removal_of_Selected_Heavy_Metals_from_Battery_Wastewater_by_Purified_and_Polyethylene_Glycol_Modified_Carbon_Nanotubes,yes,yes,yes,yes,yes,,
PEG,Fe,1.2,19.533,92.43,Table 7,deepseek-v4-flash (pdf2text),Comparative_Adsorptive_Removal_of_Selected_Heavy_Metals_from_Battery_Wastewater_by_Purified_and_Polyethylene_Glycol_Modified_Carbon_Nanotubes,yes,yes,yes,yes,yes,,
PEG,Cu,1.2,1.3909,6.949,Table 7,deepseek-v4-flash (pdf2text),Comparative_Adsorptive_Removal_of_Selected_Heavy_Metals_from_Battery_Wastewater_by_Purified_and_Polyethylene_Glycol_Modified_Carbon_Nanotubes,yes,yes,yes,yes,yes,,
PEG,Pb,1.2,2.3508,10.73,Table 7,deepseek-v4-flash (pdf2text),Comparative_Adsorptive_Removal_of_Selected_Heavy_Metals_from_Battery_Wastewater_by_Purified_and_Polyethylene_Glycol_Modified_Carbon_Nanotubes,yes,yes,yes,yes,yes,,
PEG,Cd,1.2,0.0408,0.169,Table 7,deepseek-v4-flash (pdf2text),Comparative_Adsorptive_Removal_of_Selected_Heavy_Metals_from_Battery_Wastewater_by_Purified_and_Polyethylene_Glycol_Modified_Carbon_Nanotubes,yes,yes,yes,yes,yes,,
chitosan,Cu(II),6.5,NaN,4.56,Molecules 2020,deepseek-v4-flash (pdf2text),CuII_Ion_Adsorption_by_Aniline_Grafted_Chitosan_and_Its_Responsive_Fluorescence_Properties,yes,yes,yes,no,yes,,
PAN/chitosan/UiO-66-NH2,Cd(II),6,NaN,415.6,[229],deepseek-v4-flash (pdf2text),Design_and_application_of_metal_organic_frameworks_for_heavy_metals_adsorption_in_water_a_review,yes,yes,yes,no,yes,,[Cd+2]
Nano polyaniline hazelnut,Brilliant Blue FCF,NaN,NaN,0.79,[77],deepseek-v4-flash (pdf2text),Design_and_validation_of_biodegradable_Low-Cost_adsorbent_from_jhingan_gum_for_remediation_of_anionic_dye,yes,yes,no,no,yes,,
Jhingan hydrogel,Brilliant Blue FCF,NaN,NaN,85.5,[79],deepseek-v4-flash (pdf2text),Design_and_validation_of_biodegradable_Low-Cost_adsorbent_from_jhingan_gum_for_remediation_of_anionic_dye,yes,yes,no,no,yes,,
Modified Chitosan,Brilliant Blue FCF,NaN,NaN,300,[80],deepseek-v4-flash (pdf2text),Design_and_validation_of_biodegradable_Low-Cost_adsorbent_from_jhingan_gum_for_remediation_of_anionic_dye,yes,yes,no,no,yes,,
GO_3@PVA,Pb,6.5,50,368,10.1039/d4ra02111h,deepseek-v4-flash (pdf2text),Developing_a_new_sustainable_eco-adsorbent_film_from_flexographic_printing_plate_waste_to_remove_cationic_organic_and_inorganic_pollutants,yes,yes,yes,yes,yes,,
GO_3@PVA,Pb,6.5,100,447,10.1039/d4ra02111h,deepseek-v4-flash (pdf2text),Developing_a_new_sustainable_eco-adsorbent_film_from_flexographic_printing_plate_waste_to_remove_cationic_organic_and_inorganic_pollutants,yes,yes,yes,yes,yes,,
GO_3@PVA,Pb,6.5,150,508,10.1039/d4ra02111h,deepseek-v4-flash (pdf2text),Developing_a_new_sustainable_eco-adsorbent_film_from_flexographic_printing_plate_waste_to_remove_cationic_organic_and_inorganic_pollutants,yes,yes,yes,yes,yes,,
Melanin-agarose hydrogel,Cu,NaN,1,31.24,10.31254/phyto.2026.15202,deepseek-v4-flash (pdf2text),Development_and_characterization_of_a_fungal_melanin_hydrogel_with_potential_in_environmental_bioremediation,yes,yes,no,yes,yes,,
Melanin-agarose hydrogel,Ni,NaN,1,17.65,10.31254/phyto.2026.15202,deepseek-v4-flash (pdf2text),Development_and_characterization_of_a_fungal_melanin_hydrogel_with_potential_in_environmental_bioremediation,yes,yes,no,yes,yes,,
Agarose-only hydrogel,Cu,NaN,1,5.66,10.31254/phyto.2026.15202,deepseek-v4-flash (pdf2text),Development_and_characterization_of_a_fungal_melanin_hydrogel_with_potential_in_environmental_bioremediation,yes,yes,no,yes,yes,,
Agarose-only hydrogel,Ni,NaN,1,7.59,10.31254/phyto.2026.15202,deepseek-v4-flash (pdf2text),Development_and_characterization_of_a_fungal_melanin_hydrogel_with_potential_in_environmental_bioremediation,yes,yes,no,yes,yes,,
polyacrylonitrile,Pb(II),6.5,NaN,36.0,Scientific Reports (2025) 15:22250,deepseek-v4-flash (pdf2text),Development_of_Cu-ZnO_ZrO2_based_polyacrylonitrile_polymer_composites_for_removing_pharmaceutical_pollutants_and_heavy_metals_from_wastewater,yes,yes,yes,no,yes,,[Pb+2]
polyacrylonitrile,Cd(II),6.5,NaN,36.0,Scientific Reports (2025) 15:22250,deepseek-v4-flash (pdf2text),Development_of_Cu-ZnO_ZrO2_based_polyacrylonitrile_polymer_composites_for_removing_pharmaceutical_pollutants_and_heavy_metals_from_wastewater,yes,yes,yes,no,yes,,[Cd+2]
polyacrylonitrile,sulfamethoxazole,6.5,NaN,30.0,Scientific Reports (2025) 15:22250,deepseek-v4-flash (pdf2text),Development_of_Cu-ZnO_ZrO2_based_polyacrylonitrile_polymer_composites_for_removing_pharmaceutical_pollutants_and_heavy_metals_from_wastewater,yes,yes,yes,no,yes,,CC1=CC(=NO1)NS(=O)(=O)C2=CC=C(C=C2)N
polyacrylonitrile,ibuprofen,6.5,NaN,28.0,Scientific Reports (2025) 15:22250,deepseek-v4-flash (pdf2text),Development_of_Cu-ZnO_ZrO2_based_polyacrylonitrile_polymer_composites_for_removing_pharmaceutical_pollutants_and_heavy_metals_from_wastewater,yes,yes,yes,no,yes,,CC(C)CC1=CC=C(C=C1)C(C)C(=O)O
Cellulose acetate/CS membrane,Cu(II),5,NaN,0.8,[134],deepseek-v4-flash (pdf2text),Development_of_efficient_adsorbent_materials_for_removal_of_toxic_substances_from_water,yes,yes,yes,no,yes,,
Chitosan,Methyl Orange,7.0,NaN,2.368,10.1038/s41598-024-51538-1,deepseek-v4-flash (pdf2text),Development_of_novel_amino-ethyl_chitosan_hydrogel_for_the_removal_of_methyl_orange_azo_dye_model,yes,yes,yes,no,yes,,
Amino Ethyl Chitosan Hydogel (CS-NH2-4),Methyl Orange,7.0,NaN,5.0,10.1038/s41598-024-51538-1,deepseek-v4-flash (pdf2text),Development_of_novel_amino-ethyl_chitosan_hydrogel_for_the_removal_of_methyl_orange_azo_dye_model,yes,yes,yes,no,yes,,
XNH-3 hydrogel,methylene blue,NaN,NaN,193.42,10.1007/s10971-025-07032-9,deepseek-v4-flash (pdf2text),Dual_functionality_of_iron_oxide-doped_Xanthan_Gum_Xanthate_hydrogel_nanocomposite_for_adsorption_and_photodegradation_of_toxic_dyes_in_water,yes,yes,no,no,yes,,
chitosan,humic acid,NaN,5,1.250,https://doi.org/10.21203/rs.3.rs-8098038/v1,deepseek-v4-flash (pdf2text),Eco-Engineered_Al₂O₃Chitosan_Matrix_for_Sustainable_Water_Decontamination_from_Humic_Acid,yes,yes,no,yes,yes,,
chitosan,humic acid,NaN,10,2.495,https://doi.org/10.21203/rs.3.rs-8098038/v1,deepseek-v4-flash (pdf2text),Eco-Engineered_Al₂O₃Chitosan_Matrix_for_Sustainable_Water_Decontamination_from_Humic_Acid,yes,yes,no,yes,yes,,
chitosan,humic acid,NaN,15,3.728,https://doi.org/10.21203/rs.3.rs-8098038/v1,deepseek-v4-flash (pdf2text),Eco-Engineered_Al₂O₃Chitosan_Matrix_for_Sustainable_Water_Decontamination_from_Humic_Acid,yes,yes,no,yes,yes,,
chitosan,humic acid,NaN,20,4.973,https://doi.org/10.21203/rs.3.rs-8098038/v1,deepseek-v4-flash (pdf2text),Eco-Engineered_Al₂O₃Chitosan_Matrix_for_Sustainable_Water_Decontamination_from_Humic_Acid,yes,yes,no,yes,yes,,
chitosan,humic acid,NaN,25,6.204,https://doi.org/10.21203/rs.3.rs-8098038/v1,deepseek-v4-flash (pdf2text),Eco-Engineered_Al₂O₃Chitosan_Matrix_for_Sustainable_Water_Decontamination_from_Humic_Acid,yes,yes,no,yes,yes,,
chitosan,humic acid,NaN,30,7.440,https://doi.org/10.21203/rs.3.rs-8098038/v1,deepseek-v4-flash (pdf2text),Eco-Engineered_Al₂O₃Chitosan_Matrix_for_Sustainable_Water_Decontamination_from_Humic_Acid,yes,yes,no,yes,yes,,
PVA-chitosan,Acid Orange 7,4.0,45,116.7,10.1016/j.aiepr.2022.12.001,deepseek-v4-flash (pdf2text),Eco-friendly_PVA-chitosan_adsorbent_films_for_the_removal_of_azo_dye_Acid_Orange_7_Physical_cross-linking_adsorption_process_and_reuse_of_the_material,yes,yes,yes,yes,yes,,
PVA-chitosan,Acid Orange 7,2.5,300,348.3,10.1016/j.aiepr.2022.12.001,deepseek-v4-flash (pdf2text),Eco-friendly_PVA-chitosan_adsorbent_films_for_the_removal_of_azo_dye_Acid_Orange_7_Physical_cross-linking_adsorption_process_and_reuse_of_the_material,yes,yes,yes,yes,yes,,
PVA-chitosan,Acid Orange 7,4.0,300,93.7,10.1016/j.aiepr.2022.12.001,deepseek-v4-flash (pdf2text),Eco-friendly_PVA-chitosan_adsorbent_films_for_the_removal_of_azo_dye_Acid_Orange_7_Physical_cross-linking_adsorption_process_and_reuse_of_the_material,yes,yes,yes,yes,yes,,
PVA-chitosan,Acid Orange 7,2.5,NaN,678,10.1016/j.aiepr.2022.12.001,deepseek-v4-flash (pdf2text),Eco-friendly_PVA-chitosan_adsorbent_films_for_the_removal_of_azo_dye_Acid_Orange_7_Physical_cross-linking_adsorption_process_and_reuse_of_the_material,yes,yes,yes,no,yes,,
Chitosan resins,Congo red,NaN,NaN,32.11,39,deepseek-v4-flash (pdf2text),Eco-friendly_synthesis_of_graphenechitosan_composite_hydrogel_as_efficient_adsorbent_for_Congo_red,yes,yes,no,no,yes,,C1=CC=C2C(=C1)C(=CC(=C2N)N=NC3=CC=C(C=C3)C4=CC=C(C=C4)N=NC5=C(C6=CC=CC=C6C(=C5)S(=O)(=O)[O-])N)S(=O)(=O)[O-].[Na+].[Na+]
GN-CS aerogel,Congo red,NaN,NaN,384.62,This work,deepseek-v4-flash (pdf2text),Eco-friendly_synthesis_of_graphenechitosan_composite_hydrogel_as_efficient_adsorbent_for_Congo_red,yes,yes,no,no,yes,,C1=CC=C2C(=C1)C(=CC(=C2N)N=NC3=CC=C(C=C3)C4=CC=C(C=C4)N=NC5=C(C6=CC=CC=C6C(=C5)S(=O)(=O)[O-])N)S(=O)(=O)[O-].[Na+].[Na+]
"""polypropylene and polyethylene""","""Cd(II)""",5.5,20,18.19,"""10.1016/j.chemosphere.2021.131152""",deepseek-v4-flash (pdf2text),Effect_of_environmental_and_nutritional_conditions_on_the_formation_of_single_and_mixed-species_biofilms_and_their_efficiency_in_cadmium_removal,yes,yes,yes,yes,yes,,[Cd+2]
4-VP-MAAc cryogel,methylene blue,1,50,57,this work,deepseek-v4-flash (pdf2text),Effective_removal_of_methylene_blue_dye_by_a_novel_4vinylpyridinecomethacrylic_acid_cryogel_kinetic_isotherm_and_breakthrough_studies,yes,yes,yes,yes,yes,,
4-VP-MAAc cryogel,methylene blue,2,50,57,this work,deepseek-v4-flash (pdf2text),Effective_removal_of_methylene_blue_dye_by_a_novel_4vinylpyridinecomethacrylic_acid_cryogel_kinetic_isotherm_and_breakthrough_studies,yes,yes,yes,yes,yes,,
4-VP-MAAc cryogel,methylene blue,3,50,312.9,this work,deepseek-v4-flash (pdf2text),Effective_removal_of_methylene_blue_dye_by_a_novel_4vinylpyridinecomethacrylic_acid_cryogel_kinetic_isotherm_and_breakthrough_studies,yes,yes,yes,yes,yes,,
4-VP-MAAc cryogel,methylene blue,7,50,472.4,this work,deepseek-v4-flash (pdf2text),Effective_removal_of_methylene_blue_dye_by_a_novel_4vinylpyridinecomethacrylic_acid_cryogel_kinetic_isotherm_and_breakthrough_studies,yes,yes,yes,yes,yes,,
4-VP-MAAc cryogel,methylene blue,8.1,50,516.1,this work,deepseek-v4-flash (pdf2text),Effective_removal_of_methylene_blue_dye_by_a_novel_4vinylpyridinecomethacrylic_acid_cryogel_kinetic_isotherm_and_breakthrough_studies,yes,yes,yes,yes,yes,,
4-VP-MAAc cryogel,methylene blue,NaN,50,388,this work,deepseek-v4-flash (pdf2text),Effective_removal_of_methylene_blue_dye_by_a_novel_4vinylpyridinecomethacrylic_acid_cryogel_kinetic_isotherm_and_breakthrough_studies,yes,yes,no,yes,yes,,
4-VP-MAAc cryogel,methylene blue,8,NaN,703.6,this work,deepseek-v4-flash (pdf2text),Effective_removal_of_methylene_blue_dye_by_a_novel_4vinylpyridinecomethacrylic_acid_cryogel_kinetic_isotherm_and_breakthrough_studies,yes,yes,yes,no,yes,,
4-VP-MAAc cryogel,methylene blue,6,50,703.6,this work,deepseek-v4-flash (pdf2text),Effective_removal_of_methylene_blue_dye_by_a_novel_4vinylpyridinecomethacrylic_acid_cryogel_kinetic_isotherm_and_breakthrough_studies,yes,yes,yes,yes,yes,,
calcium alginate beads,crystal violet,6,10,5.884,Kinetic study pseudo-second order experimental Qe,deepseek-v4-flash (pdf2text),Efficacious_biosorption_of_crystal_violet_pollutant_dye_from_aqueous_solutions_via_Padina_pavonica_derived_alginate,yes,yes,yes,yes,yes,,
calcium alginate beads,crystal violet,6,NaN,4.084,Langmuir isotherm Qm,deepseek-v4-flash (pdf2text),Efficacious_biosorption_of_crystal_violet_pollutant_dye_from_aqueous_solutions_via_Padina_pavonica_derived_alginate,yes,yes,yes,no,yes,,
Poly(methacrylic acid) hydrogels,basic yellow 28,NaN,NaN,157.00,[48],deepseek-v4-flash (pdf2text),Efficient_removal_of_basic_yellow_28_dye_from_water_using_facilely_synthesized_ZnO_and_Mg3B2O6_nanostructures,yes,yes,no,no,yes,,
PVA/SA-2.8,Cu(II),5,NaN,68.7,Table 2,deepseek-v4-flash (pdf2text),Efficient_ZIF-67_alginate_composite_hydrogel_material_and_its_application_to_enhanced_copper_II_adsorption_from_aqueous_solutions,yes,yes,yes,no,yes,,
cellulose acetate,methylene blue,8.4,21,940.76,Table 7,deepseek-v4-flash (pdf2text),Electrospun_nanofibers_of_cellulose_acetatemetal_organic_framework-third_generation_PAMAM_dendrimer_for_the_removal_of_methylene_blue_from_aqueous_media,yes,yes,yes,yes,yes,,
cellulose acetate,methylene blue,NaN,NaN,39.40,Table 4 (cycle 1),deepseek-v4-flash (pdf2text),Electrospun_nanofibers_of_cellulose_acetatemetal_organic_framework-third_generation_PAMAM_dendrimer_for_the_removal_of_methylene_blue_from_aqueous_media,yes,yes,no,no,yes,,
quaternary starch,nitrate,NaN,NaN,205,77,deepseek-v4-flash (pdf2text),Emerging_environmentally_friendly_bio-based_nanocomposites_for_the_efficient_removal_of_dyes_and_micropollutants_from_wastewater_by_adsorption_a_comprehensive_review,yes,yes,no,no,yes,,
PPy-MIP,17β-estradiol,7,25,82.6,Table 2,deepseek-v4-flash (pdf2text),Endocrine_disruptor_17_β-estradiol_removal_by_poly_pyrrole-based_molecularly_imprinted_polymer_kinetic_isotherms_and_thermodynamic_studies,yes,yes,yes,yes,yes,,
PPy-MIP,17β-estradiol,NaN,NaN,161.2,Table 1,deepseek-v4-flash (pdf2text),Endocrine_disruptor_17_β-estradiol_removal_by_poly_pyrrole-based_molecularly_imprinted_polymer_kinetic_isotherms_and_thermodynamic_studies,yes,yes,no,no,yes,,
chitosan,PO4-P,4,50,4.99,Usevičiūtė et al. 2025,deepseek-v4-flash (pdf2text),Enhanced_aqueous_phosphate_removal_using_chitosan-modified_zirconium-loaded_cork_biochar,yes,yes,yes,yes,yes,,
chitosan,PO4-P,10,50,4.67,Usevičiūtė et al. 2025,deepseek-v4-flash (pdf2text),Enhanced_aqueous_phosphate_removal_using_chitosan-modified_zirconium-loaded_cork_biochar,yes,yes,yes,yes,yes,,
chitosan,PO4-P,12,50,2.73,Usevičiūtė et al. 2025,deepseek-v4-flash (pdf2text),Enhanced_aqueous_phosphate_removal_using_chitosan-modified_zirconium-loaded_cork_biochar,yes,yes,yes,yes,yes,,
chitosan,PO4-P,5.151,50,11.4,Usevičiūtė et al. 2025,deepseek-v4-flash (pdf2text),Enhanced_aqueous_phosphate_removal_using_chitosan-modified_zirconium-loaded_cork_biochar,yes,yes,yes,yes,yes,,
chitosan,PO4-P,5.198,50,14.5,Usevičiūtė et al. 2025,deepseek-v4-flash (pdf2text),Enhanced_aqueous_phosphate_removal_using_chitosan-modified_zirconium-loaded_cork_biochar,yes,yes,yes,yes,yes,,
chitosan,PO4-P,6.324,50,5.26,Usevičiūtė et al. 2025,deepseek-v4-flash (pdf2text),Enhanced_aqueous_phosphate_removal_using_chitosan-modified_zirconium-loaded_cork_biochar,yes,yes,yes,yes,yes,,
chitosan,PO4-P,NaN,500,34.2,Usevičiūtė et al. 2025,deepseek-v4-flash (pdf2text),Enhanced_aqueous_phosphate_removal_using_chitosan-modified_zirconium-loaded_cork_biochar,yes,yes,no,yes,yes,,
Ca-alginate,Cd(II),6,10,9.16,10.5564/mjc.v26i54.3869,deepseek-v4-flash (pdf2text),Enhanced_cadmium_II_adsorption_via_calcium_alginate_encapsulation_of_HPMBP_in_heavy_metal_remediation,yes,yes,yes,yes,yes,,[Cd+2]
Ca-alginate-HPMBP,Cd(II),6,10,9.30,10.5564/mjc.v26i54.3869,deepseek-v4-flash (pdf2text),Enhanced_cadmium_II_adsorption_via_calcium_alginate_encapsulation_of_HPMBP_in_heavy_metal_remediation,yes,yes,yes,yes,yes,,[Cd+2]
Ca-alginate,Cd(II),6,25,23.23,10.5564/mjc.v26i54.3869,deepseek-v4-flash (pdf2text),Enhanced_cadmium_II_adsorption_via_calcium_alginate_encapsulation_of_HPMBP_in_heavy_metal_remediation,yes,yes,yes,yes,yes,,[Cd+2]
Ca-alginate-HPMBP,Cd(II),6,25,23.25,10.5564/mjc.v26i54.3869,deepseek-v4-flash (pdf2text),Enhanced_cadmium_II_adsorption_via_calcium_alginate_encapsulation_of_HPMBP_in_heavy_metal_remediation,yes,yes,yes,yes,yes,,[Cd+2]
Ca-alginate,Cd(II),6,NaN,9.66,10.5564/mjc.v26i54.3869,deepseek-v4-flash (pdf2text),Enhanced_cadmium_II_adsorption_via_calcium_alginate_encapsulation_of_HPMBP_in_heavy_metal_remediation,yes,yes,yes,no,yes,,[Cd+2]
Ca-alginate-HPMBP,Cd(II),6,NaN,94.34,10.5564/mjc.v26i54.3869,deepseek-v4-flash (pdf2text),Enhanced_cadmium_II_adsorption_via_calcium_alginate_encapsulation_of_HPMBP_in_heavy_metal_remediation,yes,yes,yes,no,yes,,[Cd+2]
"""Alginate–CMC""","""Sulfadiazine""","""5.74""","""NaN""","""800""","""Raissouni et al. 2025""",deepseek-v4-flash (pdf2text),Enhancing_water_remediation_using_biochar-hydrogel_composites_the_critical_role_of_surface_functional_groups,yes,yes,yes,no,yes,,
"""Chitosan-Ignosulfonate""","""Congo red""",NaN,NaN,666.67,"""Gu et al. [84]""",deepseek-v4-flash (pdf2text),Environmental_and_industrial_application_of_chitosan_nanocomposites_review,yes,yes,no,no,yes,,C1=CC=C2C(=C1)C(=CC(=C2N)N=NC3=CC=C(C=C3)C4=CC=C(C=C4)N=NC5=C(C6=CC=CC=C6C(=C5)S(=O)(=O)[O-])N)S(=O)(=O)[O-].[Na+].[Na+]
"""Chitosan-Ignosulfonate""","""Rhodamine B""",NaN,NaN,126.58,"""Gu et al. [84]""",deepseek-v4-flash (pdf2text),Environmental_and_industrial_application_of_chitosan_nanocomposites_review,yes,yes,no,no,yes,,
"""CS-PVA@CuO""","""Acid Blue 25""",NaN,NaN,171.4,"""Lakkaboyana et al. [68]""",deepseek-v4-flash (pdf2text),Environmental_and_industrial_application_of_chitosan_nanocomposites_review,yes,yes,no,no,yes,,
CS/PCL,Zn,6,NaN,159.25,This thesis,deepseek-v4-flash (pdf2text),Estudio_de_los_efectos_de_la_composición_y_dispersión_de_un_composito_extrudido_de_biopolímeros_sobre_los_procesos_de_adsorción_de_metales_pesados_y_contaminantes_persistentes_en_agua,yes,yes,yes,no,yes,,
CS/PCL,Cu,6,NaN,4.19,This thesis,deepseek-v4-flash (pdf2text),Estudio_de_los_efectos_de_la_composición_y_dispersión_de_un_composito_extrudido_de_biopolímeros_sobre_los_procesos_de_adsorción_de_metales_pesados_y_contaminantes_persistentes_en_agua,yes,yes,yes,no,yes,,
CS/PCL,Fe,6,NaN,10.88,This thesis,deepseek-v4-flash (pdf2text),Estudio_de_los_efectos_de_la_composición_y_dispersión_de_un_composito_extrudido_de_biopolímeros_sobre_los_procesos_de_adsorción_de_metales_pesados_y_contaminantes_persistentes_en_agua,yes,yes,yes,no,yes,,
CS/PCL,Al,6,NaN,1.846,This thesis,deepseek-v4-flash (pdf2text),Estudio_de_los_efectos_de_la_composición_y_dispersión_de_un_composito_extrudido_de_biopolímeros_sobre_los_procesos_de_adsorción_de_metales_pesados_y_contaminantes_persistentes_en_agua,yes,yes,yes,no,yes,,
CS/PCL,Cd,NaN,NaN,4573.44,This thesis,deepseek-v4-flash (pdf2text),Estudio_de_los_efectos_de_la_composición_y_dispersión_de_un_composito_extrudido_de_biopolímeros_sobre_los_procesos_de_adsorción_de_metales_pesados_y_contaminantes_persistentes_en_agua,yes,yes,no,no,yes,,
CS/PCL,Pb,NaN,NaN,1980.25,This thesis,deepseek-v4-flash (pdf2text),Estudio_de_los_efectos_de_la_composición_y_dispersión_de_un_composito_extrudido_de_biopolímeros_sobre_los_procesos_de_adsorción_de_metales_pesados_y_contaminantes_persistentes_en_agua,yes,yes,no,no,yes,,
CS/PCL,indigo blue,7,NaN,3.4,This thesis,deepseek-v4-flash (pdf2text),Estudio_de_los_efectos_de_la_composición_y_dispersión_de_un_composito_extrudido_de_biopolímeros_sobre_los_procesos_de_adsorción_de_metales_pesados_y_contaminantes_persistentes_en_agua,yes,yes,yes,no,yes,,
CS/PCL,Zn,NaN,NaN,165,Martínez 2018,deepseek-v4-flash (pdf2text),Estudio_de_los_efectos_de_la_composición_y_dispersión_de_un_composito_extrudido_de_biopolímeros_sobre_los_procesos_de_adsorción_de_metales_pesados_y_contaminantes_persistentes_en_agua,yes,yes,no,no,yes,,
CS/PCL,Fe,NaN,NaN,10.72,Martínez 2018,deepseek-v4-flash (pdf2text),Estudio_de_los_efectos_de_la_composición_y_dispersión_de_un_composito_extrudido_de_biopolímeros_sobre_los_procesos_de_adsorción_de_metales_pesados_y_contaminantes_persistentes_en_agua,yes,yes,no,no,yes,,
CS/PCL,Cu,NaN,NaN,4,Martínez 2018,deepseek-v4-flash (pdf2text),Estudio_de_los_efectos_de_la_composición_y_dispersión_de_un_composito_extrudido_de_biopolímeros_sobre_los_procesos_de_adsorción_de_metales_pesados_y_contaminantes_persistentes_en_agua,yes,yes,no,no,yes,,
polypyrrole,metronidazole,6.17,10,0.95,10.1007/s40090-019-0190-7,deepseek-v4-flash (pdf2text),Experimental_and_DFT_studies_of_the_removal_of_pharmaceutical_metronidazole_from_water_using_polypyrrole,yes,yes,yes,yes,yes,,CC1=NC=C(N1CCO)[N+](=O)[O-]
polypyrrole,metronidazole,6.17,NaN,5.36,10.1007/s40090-019-0190-7,deepseek-v4-flash (pdf2text),Experimental_and_DFT_studies_of_the_removal_of_pharmaceutical_metronidazole_from_water_using_polypyrrole,yes,yes,yes,no,yes,,CC1=NC=C(N1CCO)[N+](=O)[O-]
poly(DVB),Brilliant Green,7,2.5,1.59,10.1039/d5ra02950c,deepseek-v4-flash (pdf2text),Experimental_and_theoretical_investigations_of_divinylbenzene-based_polymer_as_an_efficient_adsorbent_for_brilliant_green_dye_removal,yes,yes,yes,yes,yes,,
poly(DVB),Brilliant Green,7,14.3,4.63,10.1039/d5ra02950c,deepseek-v4-flash (pdf2text),Experimental_and_theoretical_investigations_of_divinylbenzene-based_polymer_as_an_efficient_adsorbent_for_brilliant_green_dye_removal,yes,yes,yes,yes,yes,,
poly(DVB),Brilliant Green,7,7.5,8.44,10.1039/d5ra02950c,deepseek-v4-flash (pdf2text),Experimental_and_theoretical_investigations_of_divinylbenzene-based_polymer_as_an_efficient_adsorbent_for_brilliant_green_dye_removal,yes,yes,yes,yes,yes,,
Trametes pubescens alginate-immobilized biomass,Congo Red,1.0,100,355.48,Ann Microbiol (2015) 65:411-421,deepseek-v4-flash (pdf2text),Exploring_strategies_for_adsorption_of_azo_dye_Congo_Red_using_free_and_immobilized_biomasses_of_Trametes_pubescens,yes,yes,yes,yes,yes,,C1=CC=C2C(=C1)C(=CC(=C2N)N=NC3=CC=C(C=C3)C4=CC=C(C=C4)N=NC5=C(C6=CC=CC=C6C(=C5)S(=O)(=O)[O-])N)S(=O)(=O)[O-].[Na+].[Na+]
Trametes pubescens alginate-immobilized biomass,Congo Red,2.0,100,380.56,Ann Microbiol (2015) 65:411-421,deepseek-v4-flash (pdf2text),Exploring_strategies_for_adsorption_of_azo_dye_Congo_Red_using_free_and_immobilized_biomasses_of_Trametes_pubescens,yes,yes,yes,yes,yes,,C1=CC=C2C(=C1)C(=CC(=C2N)N=NC3=CC=C(C=C3)C4=CC=C(C=C4)N=NC5=C(C6=CC=CC=C6C(=C5)S(=O)(=O)[O-])N)S(=O)(=O)[O-].[Na+].[Na+]
Trametes pubescens alginate-immobilized biomass,Congo Red,3.0,100,371.26,Ann Microbiol (2015) 65:411-421,deepseek-v4-flash (pdf2text),Exploring_strategies_for_adsorption_of_azo_dye_Congo_Red_using_free_and_immobilized_biomasses_of_Trametes_pubescens,yes,yes,yes,yes,yes,,C1=CC=C2C(=C1)C(=CC(=C2N)N=NC3=CC=C(C=C3)C4=CC=C(C=C4)N=NC5=C(C6=CC=CC=C6C(=C5)S(=O)(=O)[O-])N)S(=O)(=O)[O-].[Na+].[Na+]
Trametes pubescens alginate-immobilized biomass,Congo Red,4.0,100,343.15,Ann Microbiol (2015) 65:411-421,deepseek-v4-flash (pdf2text),Exploring_strategies_for_adsorption_of_azo_dye_Congo_Red_using_free_and_immobilized_biomasses_of_Trametes_pubescens,yes,yes,yes,yes,yes,,C1=CC=C2C(=C1)C(=CC(=C2N)N=NC3=CC=C(C=C3)C4=CC=C(C=C4)N=NC5=C(C6=CC=CC=C6C(=C5)S(=O)(=O)[O-])N)S(=O)(=O)[O-].[Na+].[Na+]
Trametes pubescens alginate-immobilized biomass,Congo Red,5.0,100,281.43,Ann Microbiol (2015) 65:411-421,deepseek-v4-flash (pdf2text),Exploring_strategies_for_adsorption_of_azo_dye_Congo_Red_using_free_and_immobilized_biomasses_of_Trametes_pubescens,yes,yes,yes,yes,yes,,C1=CC=C2C(=C1)C(=CC(=C2N)N=NC3=CC=C(C=C3)C4=CC=C(C=C4)N=NC5=C(C6=CC=CC=C6C(=C5)S(=O)(=O)[O-])N)S(=O)(=O)[O-].[Na+].[Na+]
Trametes pubescens alginate-immobilized biomass,Congo Red,6.0,100,233.34,Ann Microbiol (2015) 65:411-421,deepseek-v4-flash (pdf2text),Exploring_strategies_for_adsorption_of_azo_dye_Congo_Red_using_free_and_immobilized_biomasses_of_Trametes_pubescens,yes,yes,yes,yes,yes,,C1=CC=C2C(=C1)C(=CC(=C2N)N=NC3=CC=C(C=C3)C4=CC=C(C=C4)N=NC5=C(C6=CC=CC=C6C(=C5)S(=O)(=O)[O-])N)S(=O)(=O)[O-].[Na+].[Na+]
Trametes pubescens alginate-immobilized biomass,Congo Red,7.0,100,121.45,Ann Microbiol (2015) 65:411-421,deepseek-v4-flash (pdf2text),Exploring_strategies_for_adsorption_of_azo_dye_Congo_Red_using_free_and_immobilized_biomasses_of_Trametes_pubescens,yes,yes,yes,yes,yes,,C1=CC=C2C(=C1)C(=CC(=C2N)N=NC3=CC=C(C=C3)C4=CC=C(C=C4)N=NC5=C(C6=CC=CC=C6C(=C5)S(=O)(=O)[O-])N)S(=O)(=O)[O-].[Na+].[Na+]
Trametes pubescens alginate-immobilized biomass,Congo Red,8.0,100,87.12,Ann Microbiol (2015) 65:411-421,deepseek-v4-flash (pdf2text),Exploring_strategies_for_adsorption_of_azo_dye_Congo_Red_using_free_and_immobilized_biomasses_of_Trametes_pubescens,yes,yes,yes,yes,yes,,C1=CC=C2C(=C1)C(=CC(=C2N)N=NC3=CC=C(C=C3)C4=CC=C(C=C4)N=NC5=C(C6=CC=CC=C6C(=C5)S(=O)(=O)[O-])N)S(=O)(=O)[O-].[Na+].[Na+]
Trametes pubescens alginate-immobilized biomass,Congo Red,9.0,100,66.23,Ann Microbiol (2015) 65:411-421,deepseek-v4-flash (pdf2text),Exploring_strategies_for_adsorption_of_azo_dye_Congo_Red_using_free_and_immobilized_biomasses_of_Trametes_pubescens,yes,yes,yes,yes,yes,,C1=CC=C2C(=C1)C(=CC(=C2N)N=NC3=CC=C(C=C3)C4=CC=C(C=C4)N=NC5=C(C6=CC=CC=C6C(=C5)S(=O)(=O)[O-])N)S(=O)(=O)[O-].[Na+].[Na+]
Trametes pubescens alginate-immobilized biomass,Congo Red,10.0,100,30.20,Ann Microbiol (2015) 65:411-421,deepseek-v4-flash (pdf2text),Exploring_strategies_for_adsorption_of_azo_dye_Congo_Red_using_free_and_immobilized_biomasses_of_Trametes_pubescens,yes,yes,yes,yes,yes,,C1=CC=C2C(=C1)C(=CC(=C2N)N=NC3=CC=C(C=C3)C4=CC=C(C=C4)N=NC5=C(C6=CC=CC=C6C(=C5)S(=O)(=O)[O-])N)S(=O)(=O)[O-].[Na+].[Na+]
Trametes pubescens alginate-immobilized biomass,Congo Red,2.0,25,156.51,Ann Microbiol (2015) 65:411-421,deepseek-v4-flash (pdf2text),Exploring_strategies_for_adsorption_of_azo_dye_Congo_Red_using_free_and_immobilized_biomasses_of_Trametes_pubescens,yes,yes,yes,yes,yes,,C1=CC=C2C(=C1)C(=CC(=C2N)N=NC3=CC=C(C=C3)C4=CC=C(C=C4)N=NC5=C(C6=CC=CC=C6C(=C5)S(=O)(=O)[O-])N)S(=O)(=O)[O-].[Na+].[Na+]
Trametes pubescens alginate-immobilized biomass,Congo Red,2.0,50,377.56,Ann Microbiol (2015) 65:411-421,deepseek-v4-flash (pdf2text),Exploring_strategies_for_adsorption_of_azo_dye_Congo_Red_using_free_and_immobilized_biomasses_of_Trametes_pubescens,yes,yes,yes,yes,yes,,C1=CC=C2C(=C1)C(=CC(=C2N)N=NC3=CC=C(C=C3)C4=CC=C(C=C4)N=NC5=C(C6=CC=CC=C6C(=C5)S(=O)(=O)[O-])N)S(=O)(=O)[O-].[Na+].[Na+]
Trametes pubescens alginate-immobilized biomass,Congo Red,2.0,60,411.15,Ann Microbiol (2015) 65:411-421,deepseek-v4-flash (pdf2text),Exploring_strategies_for_adsorption_of_azo_dye_Congo_Red_using_free_and_immobilized_biomasses_of_Trametes_pubescens,yes,yes,yes,yes,yes,,C1=CC=C2C(=C1)C(=CC(=C2N)N=NC3=CC=C(C=C3)C4=CC=C(C=C4)N=NC5=C(C6=CC=CC=C6C(=C5)S(=O)(=O)[O-])N)S(=O)(=O)[O-].[Na+].[Na+]
Trametes pubescens alginate-immobilized biomass,Congo Red,2.0,80,465.32,Ann Microbiol (2015) 65:411-421,deepseek-v4-flash (pdf2text),Exploring_strategies_for_adsorption_of_azo_dye_Congo_Red_using_free_and_immobilized_biomasses_of_Trametes_pubescens,yes,yes,yes,yes,yes,,C1=CC=C2C(=C1)C(=CC(=C2N)N=NC3=CC=C(C=C3)C4=CC=C(C=C4)N=NC5=C(C6=CC=CC=C6C(=C5)S(=O)(=O)[O-])N)S(=O)(=O)[O-].[Na+].[Na+]
Trametes pubescens alginate-immobilized biomass,Congo Red,2.0,120,483.36,Ann Microbiol (2015) 65:411-421,deepseek-v4-flash (pdf2text),Exploring_strategies_for_adsorption_of_azo_dye_Congo_Red_using_free_and_immobilized_biomasses_of_Trametes_pubescens,yes,yes,yes,yes,yes,,C1=CC=C2C(=C1)C(=CC(=C2N)N=NC3=CC=C(C=C3)C4=CC=C(C=C4)N=NC5=C(C6=CC=CC=C6C(=C5)S(=O)(=O)[O-])N)S(=O)(=O)[O-].[Na+].[Na+]
Trametes pubescens alginate-immobilized biomass,Congo Red,2.0,150,402.37,Ann Microbiol (2015) 65:411-421,deepseek-v4-flash (pdf2text),Exploring_strategies_for_adsorption_of_azo_dye_Congo_Red_using_free_and_immobilized_biomasses_of_Trametes_pubescens,yes,yes,yes,yes,yes,,C1=CC=C2C(=C1)C(=CC(=C2N)N=NC3=CC=C(C=C3)C4=CC=C(C=C4)N=NC5=C(C6=CC=CC=C6C(=C5)S(=O)(=O)[O-])N)S(=O)(=O)[O-].[Na+].[Na+]
Trametes pubescens alginate-immobilized biomass,Congo Red,2.0,180,282.21,Ann Microbiol (2015) 65:411-421,deepseek-v4-flash (pdf2text),Exploring_strategies_for_adsorption_of_azo_dye_Congo_Red_using_free_and_immobilized_biomasses_of_Trametes_pubescens,yes,yes,yes,yes,yes,,C1=CC=C2C(=C1)C(=CC(=C2N)N=NC3=CC=C(C=C3)C4=CC=C(C=C4)N=NC5=C(C6=CC=CC=C6C(=C5)S(=O)(=O)[O-])N)S(=O)(=O)[O-].[Na+].[Na+]
Trametes pubescens alginate-immobilized biomass,Congo Red,2.0,200,135.38,Ann Microbiol (2015) 65:411-421,deepseek-v4-flash (pdf2text),Exploring_strategies_for_adsorption_of_azo_dye_Congo_Red_using_free_and_immobilized_biomasses_of_Trametes_pubescens,yes,yes,yes,yes,yes,,C1=CC=C2C(=C1)C(=CC(=C2N)N=NC3=CC=C(C=C3)C4=CC=C(C=C4)N=NC5=C(C6=CC=CC=C6C(=C5)S(=O)(=O)[O-])N)S(=O)(=O)[O-].[Na+].[Na+]
graphite/alginate,La(III),5,NaN,67.6,Youssef et al. 2022,deepseek-v4-flash (pdf2text),Extraction_and_separation_feasibility_of_cerium_III_and_lanthanum_III_from_aqueous_solution_using_modified_graphite_adsorbent,yes,yes,yes,no,yes,,
graphite/alginate,Ce(III),5,NaN,95.5,Youssef et al. 2022,deepseek-v4-flash (pdf2text),Extraction_and_separation_feasibility_of_cerium_III_and_lanthanum_III_from_aqueous_solution_using_modified_graphite_adsorbent,yes,yes,yes,no,yes,,
graphite/alginate,La(III),NaN,NaN,83.3,Youssef et al. 2022,deepseek-v4-flash (pdf2text),Extraction_and_separation_feasibility_of_cerium_III_and_lanthanum_III_from_aqueous_solution_using_modified_graphite_adsorbent,yes,yes,no,no,yes,,
graphite/alginate,Ce(III),NaN,NaN,200,Youssef et al. 2022,deepseek-v4-flash (pdf2text),Extraction_and_separation_feasibility_of_cerium_III_and_lanthanum_III_from_aqueous_solution_using_modified_graphite_adsorbent,yes,yes,no,no,yes,,
PVA,methylene blue,6.6-6.8,20,47.7,10.1038/s41598-025-22645-4,deepseek-v4-flash (pdf2text),Fabrication_of_a_PVA-encapsulated_MCCSVO2_composite_via_melt_intercalation_for_efficient_fixed-bed_adsorption_of_methylene_blue,yes,yes,yes,yes,yes,,
PVA,methylene blue,6.6-6.8,30,15.4,10.1038/s41598-025-22645-4,deepseek-v4-flash (pdf2text),Fabrication_of_a_PVA-encapsulated_MCCSVO2_composite_via_melt_intercalation_for_efficient_fixed-bed_adsorption_of_methylene_blue,yes,yes,yes,yes,yes,,
PVA,methylene blue,6.6-6.8,40,9.15,10.1038/s41598-025-22645-4,deepseek-v4-flash (pdf2text),Fabrication_of_a_PVA-encapsulated_MCCSVO2_composite_via_melt_intercalation_for_efficient_fixed-bed_adsorption_of_methylene_blue,yes,yes,yes,yes,yes,,
"""chitosan and alginate""",Cr(VI),NaN,6.11,0.14,"""Fabrication of Adsorbent using Nano-Sized Lignocellulosic Biochar Coated on Luffa aegyptiaca Sponge to Remove Heavy Metal Chromium VI""",deepseek-v4-flash (pdf2text),Fabrication_of_Adsorbent_Using_Nano-Sized_Lignocellulosic_Biochar_Coated_on_Luffa_Aegyptiaca_Sponge_to_Remove_Heavy_Metal_Chromium_VI,yes,yes,no,yes,yes,,
"""chitosan and alginate""",Cr(VI),NaN,0.55,0.36,"""Fabrication of Adsorbent using Nano-Sized Lignocellulosic Biochar Coated on Luffa aegyptiaca Sponge to Remove Heavy Metal Chromium VI""",deepseek-v4-flash (pdf2text),Fabrication_of_Adsorbent_Using_Nano-Sized_Lignocellulosic_Biochar_Coated_on_Luffa_Aegyptiaca_Sponge_to_Remove_Heavy_Metal_Chromium_VI,yes,yes,no,yes,yes,,
Lignin derivate magnetic hydrogel microspheres,Pb(II),5.0,NaN,33.00,[52],deepseek-v4-flash (pdf2text),Fabrication_of_Lignin-based_Magnetic_Adsorbent_via_Thiol-ene_Click_Reaction_for_the_Effective_Removal_of_PbII,yes,yes,yes,no,yes,,[Pb+2]
polyacrylic acid/chitosan,methylene blue,6,50,30,Jundishapur J Nat Pharm Prod. 2026;21(1):e167223,deepseek-v4-flash (pdf2text),Fabrication_of_Novel_Electrospun_Polyacrylic_AcidChitosan_Nanofibers_for_Organic_Dye_Adsorption_from_Aqueous_Solution,yes,yes,yes,yes,yes,,
polyacrylic acid/chitosan,methylene blue,6,100,45,Jundishapur J Nat Pharm Prod. 2026;21(1):e167223,deepseek-v4-flash (pdf2text),Fabrication_of_Novel_Electrospun_Polyacrylic_AcidChitosan_Nanofibers_for_Organic_Dye_Adsorption_from_Aqueous_Solution,yes,yes,yes,yes,yes,,
polyacrylic acid/chitosan,methylene blue,6,NaN,78.125,Jundishapur J Nat Pharm Prod. 2026;21(1):e167223,deepseek-v4-flash (pdf2text),Fabrication_of_Novel_Electrospun_Polyacrylic_AcidChitosan_Nanofibers_for_Organic_Dye_Adsorption_from_Aqueous_Solution,yes,yes,yes,no,yes,,
Alginate-BiBDC,methylene blue,NaN,10,4.5,bcrec.20680,deepseek-v4-flash (pdf2text),Facile_Fabrication_of_AlginateBiBDC_Composite_Beads_for_Efficient_Removal_of_Methylene_Blue_from_Aqueous_Solutions,yes,yes,no,yes,yes,,
Alginate-BiBDC,methylene blue,NaN,15,6.15,bcrec.20680,deepseek-v4-flash (pdf2text),Facile_Fabrication_of_AlginateBiBDC_Composite_Beads_for_Efficient_Removal_of_Methylene_Blue_from_Aqueous_Solutions,yes,yes,no,yes,yes,,
Alginate-BiBDC,methylene blue,NaN,20,8,bcrec.20680,deepseek-v4-flash (pdf2text),Facile_Fabrication_of_AlginateBiBDC_Composite_Beads_for_Efficient_Removal_of_Methylene_Blue_from_Aqueous_Solutions,yes,yes,no,yes,yes,,
Alginate-BiBDC,methylene blue,NaN,25,8.5,bcrec.20680,deepseek-v4-flash (pdf2text),Facile_Fabrication_of_AlginateBiBDC_Composite_Beads_for_Efficient_Removal_of_Methylene_Blue_from_Aqueous_Solutions,yes,yes,no,yes,yes,,
Alginate-BiBDC,methylene blue,NaN,30,9,bcrec.20680,deepseek-v4-flash (pdf2text),Facile_Fabrication_of_AlginateBiBDC_Composite_Beads_for_Efficient_Removal_of_Methylene_Blue_from_Aqueous_Solutions,yes,yes,no,yes,yes,,
Alginate-BiBDC,methylene blue,NaN,NaN,9.9,bcrec.20680,deepseek-v4-flash (pdf2text),Facile_Fabrication_of_AlginateBiBDC_Composite_Beads_for_Efficient_Removal_of_Methylene_Blue_from_Aqueous_Solutions,yes,yes,no,no,yes,,
chitosan,ciprofloxacin,9,NaN,31.26,this study,deepseek-v4-flash (pdf2text),Facile_fabrication_of_novel_magnetic_chitosanAg-MWCN_nanocomposite_for_the_adsorptive_removal_of_ciprofloxacin_from_aqueous_solutions,yes,yes,yes,no,yes,,C1CC1N2C=C(C(=O)C3=CC(=C(C=C32)N4CCNCC4)F)C(=O)O
CYP-PPy,Congo red,NaN,80,8.1031,RSC Adv. 2022,deepseek-v4-flash (pdf2text),Facile_preparation_of_a_polypyrrole_modified_Chinese_yam_peel-based_adsorbent_characterization_performance_and_application_in_removal_of_Congo_red_dye,yes,yes,no,yes,yes,,C1=CC=C2C(=C1)C(=CC(=C2N)N=NC3=CC=C(C=C3)C4=CC=C(C=C4)N=NC5=C(C6=CC=CC=C6C(=C5)S(=O)(=O)[O-])N)S(=O)(=O)[O-].[Na+].[Na+]
CYP-PPy,Congo red,NaN,100,10.1338,RSC Adv. 2022,deepseek-v4-flash (pdf2text),Facile_preparation_of_a_polypyrrole_modified_Chinese_yam_peel-based_adsorbent_characterization_performance_and_application_in_removal_of_Congo_red_dye,yes,yes,no,yes,yes,,C1=CC=C2C(=C1)C(=CC(=C2N)N=NC3=CC=C(C=C3)C4=CC=C(C=C4)N=NC5=C(C6=CC=CC=C6C(=C5)S(=O)(=O)[O-])N)S(=O)(=O)[O-].[Na+].[Na+]
CYP-PPy,Congo red,NaN,150,14.5117,RSC Adv. 2022,deepseek-v4-flash (pdf2text),Facile_preparation_of_a_polypyrrole_modified_Chinese_yam_peel-based_adsorbent_characterization_performance_and_application_in_removal_of_Congo_red_dye,yes,yes,no,yes,yes,,C1=CC=C2C(=C1)C(=CC(=C2N)N=NC3=CC=C(C=C3)C4=CC=C(C=C4)N=NC5=C(C6=CC=CC=C6C(=C5)S(=O)(=O)[O-])N)S(=O)(=O)[O-].[Na+].[Na+]
CYP-PPy,Congo red,NaN,250,22.4014,RSC Adv. 2022,deepseek-v4-flash (pdf2text),Facile_preparation_of_a_polypyrrole_modified_Chinese_yam_peel-based_adsorbent_characterization_performance_and_application_in_removal_of_Congo_red_dye,yes,yes,no,yes,yes,,C1=CC=C2C(=C1)C(=CC(=C2N)N=NC3=CC=C(C=C3)C4=CC=C(C=C4)N=NC5=C(C6=CC=CC=C6C(=C5)S(=O)(=O)[O-])N)S(=O)(=O)[O-].[Na+].[Na+]
CYP-PPy,Congo red,NaN,NaN,53.1632,RSC Adv. 2022,deepseek-v4-flash (pdf2text),Facile_preparation_of_a_polypyrrole_modified_Chinese_yam_peel-based_adsorbent_characterization_performance_and_application_in_removal_of_Congo_red_dye,yes,yes,no,no,yes,,C1=CC=C2C(=C1)C(=CC(=C2N)N=NC3=CC=C(C=C3)C4=CC=C(C=C4)N=NC5=C(C6=CC=CC=C6C(=C5)S(=O)(=O)[O-])N)S(=O)(=O)[O-].[Na+].[Na+]
AFPA/NS hydrogel,Eu(III),0.5,250,202.08,Elashry et al. (2026) J Polym Environ 34:118,deepseek-v4-flash (pdf2text),Feasibility_of_Eu3_and_Ti4_Sorption_Using_Amine_Functionalized_Poly_Acrylate_hydrogelnano_Silica_from_Monazite_Waste_Aqueous_Solution_Kinetic_and_Equilibrium_Aspects,yes,yes,yes,yes,yes,,
AFPA/NS hydrogel,Ti(IV),4,250,125.7,Elashry et al. (2026) J Polym Environ 34:118,deepseek-v4-flash (pdf2text),Feasibility_of_Eu3_and_Ti4_Sorption_Using_Amine_Functionalized_Poly_Acrylate_hydrogelnano_Silica_from_Monazite_Waste_Aqueous_Solution_Kinetic_and_Equilibrium_Aspects,yes,yes,yes,yes,yes,,
Chitosan-coated Jojoba leaves,Congo Red,NaN,50,0.006,10.22146/ijc.29264,deepseek-v4-flash (pdf2text),Fixed-Bed_Column_Studies_for_the_Removal_of_Congo_Red_Using_ltigtSimmondsia_chinesisltigt_Jojoba_and_Coated_with_Chitosan,yes,yes,no,yes,yes,,C1=CC=C2C(=C1)C(=CC(=C2N)N=NC3=CC=C(C=C3)C4=CC=C(C=C4)N=NC5=C(C6=CC=CC=C6C(=C5)S(=O)(=O)[O-])N)S(=O)(=O)[O-].[Na+].[Na+]
Chitosan-coated Jojoba leaves,Congo Red,NaN,100,0.014,10.22146/ijc.29264,deepseek-v4-flash (pdf2text),Fixed-Bed_Column_Studies_for_the_Removal_of_Congo_Red_Using_ltigtSimmondsia_chinesisltigt_Jojoba_and_Coated_with_Chitosan,yes,yes,no,yes,yes,,C1=CC=C2C(=C1)C(=CC(=C2N)N=NC3=CC=C(C=C3)C4=CC=C(C=C4)N=NC5=C(C6=CC=CC=C6C(=C5)S(=O)(=O)[O-])N)S(=O)(=O)[O-].[Na+].[Na+]
BC/dry/PPy,Cr(VI),3,50,220,ACS Appl. Polym. Mater. 2024,deepseek-v4-flash (pdf2text),Free-Standing_Bacterial_CellulosePolypyrrole_Composites_for_Eco-Friendly_Remediation_of_Hexavalent_Chromium_Ions,yes,yes,yes,yes,yes,,
BC/wet/PPy,Cr(VI),3,50,220,ACS Appl. Polym. Mater. 2024,deepseek-v4-flash (pdf2text),Free-Standing_Bacterial_CellulosePolypyrrole_Composites_for_Eco-Friendly_Remediation_of_Hexavalent_Chromium_Ions,yes,yes,yes,yes,yes,,
BC/dry/PPy,Cr(VI),3,NaN,294.1,ACS Appl. Polym. Mater. 2024,deepseek-v4-flash (pdf2text),Free-Standing_Bacterial_CellulosePolypyrrole_Composites_for_Eco-Friendly_Remediation_of_Hexavalent_Chromium_Ions,yes,yes,yes,no,yes,,
BC/wet/PPy,Cr(VI),3,NaN,285.7,ACS Appl. Polym. Mater. 2024,deepseek-v4-flash (pdf2text),Free-Standing_Bacterial_CellulosePolypyrrole_Composites_for_Eco-Friendly_Remediation_of_Hexavalent_Chromium_Ions,yes,yes,yes,no,yes,,
grafted potato starch,Ca2+ and Mg2+,NaN,547,3.647,Hernández-Cruz et al. 2025,deepseek-v4-flash (pdf2text),Functional_polymeric_materials_for_hard_water_treatment_a_comprehensive_review,yes,yes,no,yes,yes,,
Sep/PAN composite,Ca2+ and Mg2+,NaN,NaN,316,Hernández-Cruz et al. 2025,deepseek-v4-flash (pdf2text),Functional_polymeric_materials_for_hard_water_treatment_a_comprehensive_review,yes,yes,no,no,yes,,
polystyrene sulfonate,diclofenac,NaN,50,45.6,"""Functional Surface Tailoring of Chak'o Nanoclay for Efficient Removal of Emerging Contaminants from the Mantaro River (2025)""",deepseek-v4-flash (pdf2text),Functional_Surface_Tailoring_of_Chako_Nanoclay_for_Efficient_Removal_of_Emerging_Contaminants_from_the_Mantaro_River_Experimental_Insights_and_Educational_Applications_in_Environmental_Science,yes,yes,no,yes,yes,,C1=CC=C(C(=C1)CC(=O)O)NC2=C(C=CC=C2Cl)Cl
polystyrene sulfonate,atrazine,NaN,30,48.3,"""Functional Surface Tailoring of Chak'o Nanoclay for Efficient Removal of Emerging Contaminants from the Mantaro River (2025)""",deepseek-v4-flash (pdf2text),Functional_Surface_Tailoring_of_Chako_Nanoclay_for_Efficient_Removal_of_Emerging_Contaminants_from_the_Mantaro_River_Experimental_Insights_and_Educational_Applications_in_Environmental_Science,yes,yes,no,yes,yes,,
Modified chitosan,Cr(VI),5.5,NaN,8.310,73,deepseek-v4-flash (pdf2text),Functionalized_MWCNTs-quartzite_nanocomposite_coated_with_Dacryodes_edulis_stem_bark_extract_for_the_attenuation_of_hexavalent_chromium,yes,yes,yes,no,yes,,
Carboxymethyl cellulose,Nd(III),3,NaN,661.21,Cellulose (2022) 29:9831-9846,deepseek-v4-flash (pdf2text),Graphene_oxide_modified_with_carboxymethyl_cellulose_for_high_adsorption_capacities_towards_NdIII_and_CeIII_from_aqueous_solutions,yes,yes,yes,no,yes,,
Carboxymethyl cellulose,Ce(III),3,NaN,436.55,Cellulose (2022) 29:9831-9846,deepseek-v4-flash (pdf2text),Graphene_oxide_modified_with_carboxymethyl_cellulose_for_high_adsorption_capacities_towards_NdIII_and_CeIII_from_aqueous_solutions,yes,yes,yes,no,yes,,
"""MNPs-Ca-alginate immobilized P. chrysosporium""",Pb(II),NaN,NaN,176.33,"""Xu et al.",deepseek-v4-flash (pdf2text),Green_MnFe₂O₄g-C₃N₄_Nanoparticles_for_PbII_Treatment_in_Contaminated_Water_Experimental_Insights_and_Machine_Learning_Integration,yes,yes,no,no,yes,,[Pb+2]
CuO/PANI,Pb(II),2,25,90.86,https://doi.org/10.1038/s41598-024-81970-2,deepseek-v4-flash (pdf2text),Green_synthesis_and_characterization_of_CuOPANI_nanocomposite_for_efficient_Pb_II_adsorption_from_contaminated_water,yes,yes,yes,yes,yes,,[Pb+2]
CuO/PANI,Pb(II),2,50,171.04,https://doi.org/10.1038/s41598-024-81970-2,deepseek-v4-flash (pdf2text),Green_synthesis_and_characterization_of_CuOPANI_nanocomposite_for_efficient_Pb_II_adsorption_from_contaminated_water,yes,yes,yes,yes,yes,,[Pb+2]
CuO/PANI,Pb(II),2,75,143.62,https://doi.org/10.1038/s41598-024-81970-2,deepseek-v4-flash (pdf2text),Green_synthesis_and_characterization_of_CuOPANI_nanocomposite_for_efficient_Pb_II_adsorption_from_contaminated_water,yes,yes,yes,yes,yes,,[Pb+2]
CuO/PANI,Pb(II),2,100,256.39,https://doi.org/10.1038/s41598-024-81970-2,deepseek-v4-flash (pdf2text),Green_synthesis_and_characterization_of_CuOPANI_nanocomposite_for_efficient_Pb_II_adsorption_from_contaminated_water,yes,yes,yes,yes,yes,,[Pb+2]
CuO/PANI,Pb(II),2,125,322.844,https://doi.org/10.1038/s41598-024-81970-2,deepseek-v4-flash (pdf2text),Green_synthesis_and_characterization_of_CuOPANI_nanocomposite_for_efficient_Pb_II_adsorption_from_contaminated_water,yes,yes,yes,yes,yes,,[Pb+2]
CuO/PANI,Pb(II),6,NaN,295.74,https://doi.org/10.1038/s41598-024-81970-2,deepseek-v4-flash (pdf2text),Green_synthesis_and_characterization_of_CuOPANI_nanocomposite_for_efficient_Pb_II_adsorption_from_contaminated_water,yes,yes,yes,no,yes,,[Pb+2]
Chitosan,Phenol,5,NaN,10.414,Science and Technology Indonesia 7(4) 2022,deepseek-v4-flash (pdf2text),Green_Synthesis_of_Nickel_Aluminum_Layered_Double_Hydroxide_using_Chitosan_as_Template_for_Adsorption_of_Phenol,yes,yes,yes,no,yes,,
Chitosan@NiAl LDH,Phenol,5,NaN,14.663,Science and Technology Indonesia 7(4) 2022,deepseek-v4-flash (pdf2text),Green_Synthesis_of_Nickel_Aluminum_Layered_Double_Hydroxide_using_Chitosan_as_Template_for_Adsorption_of_Phenol,yes,yes,yes,no,yes,,
"""AgNPs/GG/Poly(AA)""","""Methylene blue""",NaN,NaN,833.33,"""Singh and Dhaliwal (2021)""",deepseek-v4-flash (pdf2text),Gum-based_nanocomposites_for_the_removal_of_metals_and_dyes_from_waste_water,yes,yes,no,no,yes,,
"""Poly(AA-co-MMASH)""","""Cu+2""",NaN,NaN,196,"""Wen et al. (2022)""",deepseek-v4-flash (pdf2text),Gum-based_nanocomposites_for_the_removal_of_metals_and_dyes_from_waste_water,yes,yes,no,no,yes,,
"""Phosphorylated GG/chitosan""","""Uranium""",NaN,NaN,NaN,"""Hamza et al. (2021)""",deepseek-v4-flash (pdf2text),Gum-based_nanocomposites_for_the_removal_of_metals_and_dyes_from_waste_water,yes,yes,no,no,no,,
"""Phosphorylated GG/chitosan""","""Neodymium""",NaN,NaN,NaN,"""Hamza et al. (2021)""",deepseek-v4-flash (pdf2text),Gum-based_nanocomposites_for_the_removal_of_metals_and_dyes_from_waste_water,yes,yes,no,no,no,,
Gk-cl-poly(AA)-AgNPs,methyl red,NaN,NaN,3.71,Table 1 pseudo first order,deepseek-v4-flash (pdf2text),Gum_katira-silver_nanoparticle-based_bionanocomposite_for_the_removal_of_methyl_red_dye,yes,yes,no,no,yes,,
Alginate,methylene blue,12,20,23.122,DOI:10.1039/d3ma00505d,deepseek-v4-flash (pdf2text),Harnessing_a_carbon-based_material_from_food_waste_digestate_for_dye_adsorption_the_role_of_hydrogel_beads_in_enhancing_the_material_stability_and_regenerative_capacity,yes,yes,yes,yes,yes,,
Alginate,methylene blue,12,NaN,212.77,DOI:10.1039/d3ma00505d,deepseek-v4-flash (pdf2text),Harnessing_a_carbon-based_material_from_food_waste_digestate_for_dye_adsorption_the_role_of_hydrogel_beads_in_enhancing_the_material_stability_and_regenerative_capacity,yes,yes,yes,no,yes,,
lettuce leaves modified with alginate and DTPA,Pb²⁺,NaN,NaN,168.35,[43],deepseek-v4-flash (pdf2text),Harnessing_alkaline-treated_agricultural_residues_for_dual-function_bioadsorbents_and_biopolymer_precursors,yes,yes,no,no,yes,,
Polydopamine composite,Pb,NaN,1,394,Daniel et al. 2018,deepseek-v4-flash (pdf2text),Heavy_Metal_Remediation_from_WaterWastewater_Using_Bioadsorbents_-_A_Review,yes,yes,no,yes,yes,,
"""Calcium alginate beads""","""Pb2+ and Cd2+""","""6.0 to 7.0""",NaN,NaN,"""[3]""",deepseek-v4-flash (pdf2text),Heavy_Metal_Removal_by_Alginate_Based_Agriculture_and_Industrial_Waste_Nanocomposites,yes,yes,yes,no,no,,
"""Polyvinyl alcohol/sodium alginate (PVA/SA) beads""","""Fe3+ and Al3+""",NaN,NaN,NaN,"""[25]""",deepseek-v4-flash (pdf2text),Heavy_Metal_Removal_by_Alginate_Based_Agriculture_and_Industrial_Waste_Nanocomposites,yes,yes,no,no,no,,
PANI,methyl orange,7,120,82.1,https://doi.org/10.33263/BRIAC121.893909,deepseek-v4-flash (pdf2text),High_Removal_Efficiency_of_Methyl_Orange_Dye_by_Pure_and_Cu_N_Doped_TiO2Polyaniline_Nanocomposites,yes,yes,yes,yes,yes,,
Ti/PANI,methyl orange,7,120,103.1,https://doi.org/10.33263/BRIAC121.893909,deepseek-v4-flash (pdf2text),High_Removal_Efficiency_of_Methyl_Orange_Dye_by_Pure_and_Cu_N_Doped_TiO2Polyaniline_Nanocomposites,yes,yes,yes,yes,yes,,
Ti(N)/PANI,methyl orange,7,120,101.6,https://doi.org/10.33263/BRIAC121.893909,deepseek-v4-flash (pdf2text),High_Removal_Efficiency_of_Methyl_Orange_Dye_by_Pure_and_Cu_N_Doped_TiO2Polyaniline_Nanocomposites,yes,yes,yes,yes,yes,,
Ti(Cu)/PANI,methyl orange,7,120,102.5,https://doi.org/10.33263/BRIAC121.893909,deepseek-v4-flash (pdf2text),High_Removal_Efficiency_of_Methyl_Orange_Dye_by_Pure_and_Cu_N_Doped_TiO2Polyaniline_Nanocomposites,yes,yes,yes,yes,yes,,
PEI-grafted gelatin sponge,Pb(II),6.0,NaN,66,abstract,deepseek-v4-flash (pdf2text),Highly_efficient_removal_of_lead_and_cadmium_during_wastewater_irrigation_using_a_polyethylenimine-grafted_gelatin_sponge,yes,yes,yes,no,yes,,[Pb+2]
PEI-grafted gelatin sponge,Cd(II),6.0,NaN,65,abstract,deepseek-v4-flash (pdf2text),Highly_efficient_removal_of_lead_and_cadmium_during_wastewater_irrigation_using_a_polyethylenimine-grafted_gelatin_sponge,yes,yes,yes,no,yes,,[Cd+2]
gelatin sponge,Pb(II),6.0,NaN,9.75,abstract,deepseek-v4-flash (pdf2text),Highly_efficient_removal_of_lead_and_cadmium_during_wastewater_irrigation_using_a_polyethylenimine-grafted_gelatin_sponge,yes,yes,yes,no,yes,,[Pb+2]
gelatin sponge,Cd(II),6.0,NaN,9.35,abstract,deepseek-v4-flash (pdf2text),Highly_efficient_removal_of_lead_and_cadmium_during_wastewater_irrigation_using_a_polyethylenimine-grafted_gelatin_sponge,yes,yes,yes,no,yes,,[Cd+2]
PEI-grafted gelatin sponge,Pb(II),NaN,NaN,57.8,stability,deepseek-v4-flash (pdf2text),Highly_efficient_removal_of_lead_and_cadmium_during_wastewater_irrigation_using_a_polyethylenimine-grafted_gelatin_sponge,yes,yes,no,no,yes,,[Pb+2]
PEI-grafted gelatin sponge,Cd(II),NaN,NaN,58.2,stability,deepseek-v4-flash (pdf2text),Highly_efficient_removal_of_lead_and_cadmium_during_wastewater_irrigation_using_a_polyethylenimine-grafted_gelatin_sponge,yes,yes,no,no,yes,,[Cd+2]
Polypyrrole,Congo Red,3.0,40.0,18.0,60,deepseek-v4-flash (pdf2text),Histidine-conjugated_chitosan_as_efficient_adsorbent_for_Congo_red_dye_elimination_from_aqueous_solution,yes,yes,yes,yes,yes,,C1=CC=C2C(=C1)C(=CC(=C2N)N=NC3=CC=C(C=C3)C4=CC=C(C=C4)N=NC5=C(C6=CC=CC=C6C(=C5)S(=O)(=O)[O-])N)S(=O)(=O)[O-].[Na+].[Na+]
Polystyrene,Methylene Blue,NaN,250,NaN,DOI:10.17344/acsi.2019.5227,deepseek-v4-flash (pdf2text),Hybrid_Membranes_Based_on_Clay-Polymer_for_Removing_Methylene_Blue_from_Water,yes,yes,no,yes,no,,
poly(glycidyl methacrylate-co-polyethylene glycol dimethacrylate),Cu(II),,,85.6,[38],deepseek-v4-flash (pdf2text),Immobilization_of_a_New_Synthesized_Hydrazine-Pyrazole_Based_onto_Chitosan_Biopolymer_for_Efficient_Uptake_of_Copper_Ions,yes,yes,no,no,yes,,
Cross-linked chitosan magnetic modified with methionine glutaraldehyde,Cu(II),,,172.4,[40],deepseek-v4-flash (pdf2text),Immobilization_of_a_New_Synthesized_Hydrazine-Pyrazole_Based_onto_Chitosan_Biopolymer_for_Efficient_Uptake_of_Copper_Ions,yes,yes,no,no,yes,,
Chitosan embedded hydrazine-pyrazole heterocyclic derivatives (HPCS),Cu(II),,,178.5,Current work,deepseek-v4-flash (pdf2text),Immobilization_of_a_New_Synthesized_Hydrazine-Pyrazole_Based_onto_Chitosan_Biopolymer_for_Efficient_Uptake_of_Copper_Ions,yes,yes,no,no,yes,,
ZVI/chitosan,U(VI),6,NaN,591.72,[165],deepseek-v4-flash (pdf2text),Insight_on_water_remediation_application_using_magnetic_nanomaterials_and_biosorbents,yes,yes,yes,no,yes,,
chitosan/PVA/ZVI,As(V),7,NaN,200,[183],deepseek-v4-flash (pdf2text),Insight_on_water_remediation_application_using_magnetic_nanomaterials_and_biosorbents,yes,yes,yes,no,yes,,
chitosan/PVA/ZVI,As(III),7,NaN,142.9,[183],deepseek-v4-flash (pdf2text),Insight_on_water_remediation_application_using_magnetic_nanomaterials_and_biosorbents,yes,yes,yes,no,yes,,
AO-modified poly(AN-co-AA),p-nitrophenol,7,20,8.771,"""RSC Adv.",deepseek-v4-flash (pdf2text),Insights_into_theipi-nitrophenol_adsorption_by_amidoxime-modified_polyacrylonitrile-icoi-acrylic_acid_characterization_kinetics_isotherm_thermodynamic_regeneration_and_mechanism_study,yes,yes,yes,yes,yes,,
AO-modified poly(AN-co-AA),p-nitrophenol,7,50,20.380,"""RSC Adv.",deepseek-v4-flash (pdf2text),Insights_into_theipi-nitrophenol_adsorption_by_amidoxime-modified_polyacrylonitrile-icoi-acrylic_acid_characterization_kinetics_isotherm_thermodynamic_regeneration_and_mechanism_study,yes,yes,yes,yes,yes,,
AO-modified poly(AN-co-AA),p-nitrophenol,7,100,40.050,"""RSC Adv.",deepseek-v4-flash (pdf2text),Insights_into_theipi-nitrophenol_adsorption_by_amidoxime-modified_polyacrylonitrile-icoi-acrylic_acid_characterization_kinetics_isotherm_thermodynamic_regeneration_and_mechanism_study,yes,yes,yes,yes,yes,,
AO-modified poly(AN-co-AA),p-nitrophenol,7,150,57.690,"""RSC Adv.",deepseek-v4-flash (pdf2text),Insights_into_theipi-nitrophenol_adsorption_by_amidoxime-modified_polyacrylonitrile-icoi-acrylic_acid_characterization_kinetics_isotherm_thermodynamic_regeneration_and_mechanism_study,yes,yes,yes,yes,yes,,
AO-modified poly(AN-co-AA),p-nitrophenol,7,200,74.260,"""RSC Adv.",deepseek-v4-flash (pdf2text),Insights_into_theipi-nitrophenol_adsorption_by_amidoxime-modified_polyacrylonitrile-icoi-acrylic_acid_characterization_kinetics_isotherm_thermodynamic_regeneration_and_mechanism_study,yes,yes,yes,yes,yes,,
bee carcasses and wastes/polyaniline composite,Cr(VI),6,50,NaN,Table 1,deepseek-v4-flash (pdf2text),Investigating_the_hexavalent_chromium_removal_from_aqueous_solution_applying_bee_carcasses_and_corpses_modified_with_Polyaniline,yes,yes,yes,yes,no,,
bee carcasses and wastes/polyaniline/polyethylene glycol composite,Cr(VI),6,50,NaN,Table 1,deepseek-v4-flash (pdf2text),Investigating_the_hexavalent_chromium_removal_from_aqueous_solution_applying_bee_carcasses_and_corpses_modified_with_Polyaniline,yes,yes,yes,yes,no,,
bee carcasses and wastes/polyaniline/polyethylene glycol composite,Cr(VI),NaN,NaN,45.25,Table 3,deepseek-v4-flash (pdf2text),Investigating_the_hexavalent_chromium_removal_from_aqueous_solution_applying_bee_carcasses_and_corpses_modified_with_Polyaniline,yes,yes,no,no,yes,,
SBA-15/Polyaniline,Acid Blue 62,2,40,125,Iranian Journal of Health Sciences 2017; 5(3): 17-34,deepseek-v4-flash (pdf2text),Investigation_of_Acid_Blue_62_Dye_Adsorption_using_SBA-15Polyaniline_Mesoporous_Nanocomposite_Kinetic_and_Thermodynamic_Study,yes,yes,yes,yes,yes,,
"""chitosan/StNPs composite""","""indigo carmine""",4.8,100,150,"""Figure 6a""",deepseek-v4-flash (pdf2text),Investigation_of_an_adsorbent_based_on_novel_starchchitosan_nanocomposite_in_extraction_of_indigo_carmine_dye_from_aqueous_solutions,yes,yes,yes,yes,yes,,
calcium alginate,thorium,3.8,170,18.65,10.1038/s41598-023-35629-z,deepseek-v4-flash (pdf2text),Investigation_of_kinetic_isotherm_and_adsorption_efficacy_of_thorium_by_orange_peel_immobilized_on_calcium_alginate,yes,yes,yes,yes,yes,,
calcium alginate,thorium,3.8,100,12.48,10.1038/s41598-023-35629-z,deepseek-v4-flash (pdf2text),Investigation_of_kinetic_isotherm_and_adsorption_efficacy_of_thorium_by_orange_peel_immobilized_on_calcium_alginate,yes,yes,yes,yes,yes,,
calcium alginate,thorium,3.8,350,22.02,10.1038/s41598-023-35629-z,deepseek-v4-flash (pdf2text),Investigation_of_kinetic_isotherm_and_adsorption_efficacy_of_thorium_by_orange_peel_immobilized_on_calcium_alginate,yes,yes,yes,yes,yes,,
chitosan,Reactive Red 198,2,100,186.7,https://doi.org/10.46989/001c.88510,deepseek-v4-flash (pdf2text),Investigation_of_Reactive_Red_198_Dye_Removal_by_Chitosan_from_Aqueous_Solution,yes,yes,yes,yes,yes,,
chitosan,Reactive Red 198,3,100,193,https://doi.org/10.46989/001c.88510,deepseek-v4-flash (pdf2text),Investigation_of_Reactive_Red_198_Dye_Removal_by_Chitosan_from_Aqueous_Solution,yes,yes,yes,yes,yes,,
chitosan,Reactive Red 198,4,100,196.5,https://doi.org/10.46989/001c.88510,deepseek-v4-flash (pdf2text),Investigation_of_Reactive_Red_198_Dye_Removal_by_Chitosan_from_Aqueous_Solution,yes,yes,yes,yes,yes,,
chitosan,Reactive Red 198,5,100,197.4,https://doi.org/10.46989/001c.88510,deepseek-v4-flash (pdf2text),Investigation_of_Reactive_Red_198_Dye_Removal_by_Chitosan_from_Aqueous_Solution,yes,yes,yes,yes,yes,,
chitosan,Reactive Red 198,6,100,195.7,https://doi.org/10.46989/001c.88510,deepseek-v4-flash (pdf2text),Investigation_of_Reactive_Red_198_Dye_Removal_by_Chitosan_from_Aqueous_Solution,yes,yes,yes,yes,yes,,
chitosan,Reactive Red 198,7,100,194.3,https://doi.org/10.46989/001c.88510,deepseek-v4-flash (pdf2text),Investigation_of_Reactive_Red_198_Dye_Removal_by_Chitosan_from_Aqueous_Solution,yes,yes,yes,yes,yes,,
chitosan,Reactive Red 198,8,100,193.8,https://doi.org/10.46989/001c.88510,deepseek-v4-flash (pdf2text),Investigation_of_Reactive_Red_198_Dye_Removal_by_Chitosan_from_Aqueous_Solution,yes,yes,yes,yes,yes,,
chitosan,Reactive Red 198,9,100,192.4,https://doi.org/10.46989/001c.88510,deepseek-v4-flash (pdf2text),Investigation_of_Reactive_Red_198_Dye_Removal_by_Chitosan_from_Aqueous_Solution,yes,yes,yes,yes,yes,,
chitosan,Reactive Red 198,NaN,100,196.9,https://doi.org/10.46989/001c.88510,deepseek-v4-flash (pdf2text),Investigation_of_Reactive_Red_198_Dye_Removal_by_Chitosan_from_Aqueous_Solution,yes,yes,no,yes,yes,,
chitosan (under-size),Reactive Red 198,5,100,97.41,https://doi.org/10.46989/001c.88510,deepseek-v4-flash (pdf2text),Investigation_of_Reactive_Red_198_Dye_Removal_by_Chitosan_from_Aqueous_Solution,yes,yes,yes,yes,yes,,
chitosan (under-size),Reactive Red 198,5,200,197.38,https://doi.org/10.46989/001c.88510,deepseek-v4-flash (pdf2text),Investigation_of_Reactive_Red_198_Dye_Removal_by_Chitosan_from_Aqueous_Solution,yes,yes,yes,yes,yes,,
chitosan (over-size),Reactive Red 198,5,100,96.1,https://doi.org/10.46989/001c.88510,deepseek-v4-flash (pdf2text),Investigation_of_Reactive_Red_198_Dye_Removal_by_Chitosan_from_Aqueous_Solution,yes,yes,yes,yes,yes,,
chitosan (over-size),Reactive Red 198,5,200,196.22,https://doi.org/10.46989/001c.88510,deepseek-v4-flash (pdf2text),Investigation_of_Reactive_Red_198_Dye_Removal_by_Chitosan_from_Aqueous_Solution,yes,yes,yes,yes,yes,,
chitosan,Reactive Red 198,5,NaN,500,https://doi.org/10.46989/001c.88510,deepseek-v4-flash (pdf2text),Investigation_of_Reactive_Red_198_Dye_Removal_by_Chitosan_from_Aqueous_Solution,yes,yes,yes,no,yes,,
AAm/AMPS/PEG (0.5g PEG,AMPS=60mg),Lauths violet,NaN,20e-6,1.12e-5,deepseek-v4-flash (pdf2text),Investigation_of_SwellingSorption_Characteristics_of_Highly_Swollen_AAmAMPS_Hydrogels_and_Semi_IPNs_with_PEG_as_Biopotential_Sorbent,yes,yes,yes,no,yes,,
AAm/AMPS/PEG (0.5g PEG,AMPS=120mg),Lauths violet,NaN,20e-6,1.23e-5,deepseek-v4-flash (pdf2text),Investigation_of_SwellingSorption_Characteristics_of_Highly_Swollen_AAmAMPS_Hydrogels_and_Semi_IPNs_with_PEG_as_Biopotential_Sorbent,yes,yes,yes,no,yes,,
AAm/AMPS/PEG (0.5g PEG,AMPS=180mg),Lauths violet,NaN,20e-6,0.94e-5,deepseek-v4-flash (pdf2text),Investigation_of_SwellingSorption_Characteristics_of_Highly_Swollen_AAmAMPS_Hydrogels_and_Semi_IPNs_with_PEG_as_Biopotential_Sorbent,yes,yes,yes,no,yes,,
AAm/AMPS/PEG (0.5g PEG,AMPS=240mg),Lauths violet,NaN,20e-6,1.30e-5,deepseek-v4-flash (pdf2text),Investigation_of_SwellingSorption_Characteristics_of_Highly_Swollen_AAmAMPS_Hydrogels_and_Semi_IPNs_with_PEG_as_Biopotential_Sorbent,yes,yes,yes,no,yes,,
AAm/AMPS/PEG (0.5g PEG,AMPS=300mg),Lauths violet,NaN,20e-6,1.22e-5,deepseek-v4-flash (pdf2text),Investigation_of_SwellingSorption_Characteristics_of_Highly_Swollen_AAmAMPS_Hydrogels_and_Semi_IPNs_with_PEG_as_Biopotential_Sorbent,yes,yes,yes,no,yes,,
AAm/AMPS/PEG (AMPS=180mg,PEG=0.25g),Lauths violet,NaN,20e-6,1.08e-5,deepseek-v4-flash (pdf2text),Investigation_of_SwellingSorption_Characteristics_of_Highly_Swollen_AAmAMPS_Hydrogels_and_Semi_IPNs_with_PEG_as_Biopotential_Sorbent,yes,yes,yes,no,yes,,
AAm/AMPS/PEG (AMPS=180mg,PEG=0.50g),Lauths violet,NaN,20e-6,0.94e-5,deepseek-v4-flash (pdf2text),Investigation_of_SwellingSorption_Characteristics_of_Highly_Swollen_AAmAMPS_Hydrogels_and_Semi_IPNs_with_PEG_as_Biopotential_Sorbent,yes,yes,yes,no,yes,,
AAm/AMPS/PEG (AMPS=180mg,PEG=0.75g),Lauths violet,NaN,20e-6,1.00e-5,deepseek-v4-flash (pdf2text),Investigation_of_SwellingSorption_Characteristics_of_Highly_Swollen_AAmAMPS_Hydrogels_and_Semi_IPNs_with_PEG_as_Biopotential_Sorbent,yes,yes,yes,no,yes,,
AAm/AMPS/PEG (AMPS=180mg,PEG=1.00g),Lauths violet,NaN,20e-6,0.94e-5,deepseek-v4-flash (pdf2text),Investigation_of_SwellingSorption_Characteristics_of_Highly_Swollen_AAmAMPS_Hydrogels_and_Semi_IPNs_with_PEG_as_Biopotential_Sorbent,yes,yes,yes,no,yes,,
Modified Shrimp Shell-Polyethylenimine,Metanil Yellow,5,1200,116.23,Jurnal Kimia Valensi 8(1) 10-22 (2022),deepseek-v4-flash (pdf2text),Isotherm_and_Kinetic_Studies_on_the_Adsorption_Behavior_of_Metanil_Yellow_Dyes_onto_Modified_Shrimp_Shell-Polyethylenimine_SS-PEI,yes,yes,yes,yes,yes,,
Modified Shrimp Shell-Polyethylenimine,Metanil Yellow,NaN,NaN,116.554,Jurnal Kimia Valensi 8(1) 10-22 (2022),deepseek-v4-flash (pdf2text),Isotherm_and_Kinetic_Studies_on_the_Adsorption_Behavior_of_Metanil_Yellow_Dyes_onto_Modified_Shrimp_Shell-Polyethylenimine_SS-PEI,yes,yes,no,no,yes,,
quaternary ammonium polymer,nitrate,9,NaN,24.86,Jurnal Sains Natural 15 (2025) 001-009,deepseek-v4-flash (pdf2text),Isothermic_Adsorption_Study_of_Nitrate_Ion_Adsorption_in_Bioethanol_Waste_Using_Quaternary_Ammonium_Polymer,yes,yes,yes,no,yes,,
PANI-TWC,trinitrophenol,6,10,66.7917,doi:10.33765/thate.12.4.1,deepseek-v4-flash (pdf2text),Kineticand_equilibrium_study_of_trinitrophenol_adsorption_onto_polyaniline_tea_wastenanocomposite_from_aqueous_medium,yes,yes,yes,yes,yes,,
chitosan 8B,Reactive Red 239,4,100,49.70,10.4236/abc.2019.91001,deepseek-v4-flash (pdf2text),Kinetics_Isotherm_and_Thermodynamic_Studies_of_the_Adsorption_of_Reactive_Red_239_Dye_from_Aqueous_Solution_by_Chitosan_8B,yes,yes,yes,yes,yes,,
chitosan 8B,Reactive Red 239,5,100,43.33,10.4236/abc.2019.91001,deepseek-v4-flash (pdf2text),Kinetics_Isotherm_and_Thermodynamic_Studies_of_the_Adsorption_of_Reactive_Red_239_Dye_from_Aqueous_Solution_by_Chitosan_8B,yes,yes,yes,yes,yes,,
chitosan 8B,Reactive Red 239,6,100,41.13,10.4236/abc.2019.91001,deepseek-v4-flash (pdf2text),Kinetics_Isotherm_and_Thermodynamic_Studies_of_the_Adsorption_of_Reactive_Red_239_Dye_from_Aqueous_Solution_by_Chitosan_8B,yes,yes,yes,yes,yes,,
chitosan 8B,Reactive Red 239,7,100,34.13,10.4236/abc.2019.91001,deepseek-v4-flash (pdf2text),Kinetics_Isotherm_and_Thermodynamic_Studies_of_the_Adsorption_of_Reactive_Red_239_Dye_from_Aqueous_Solution_by_Chitosan_8B,yes,yes,yes,yes,yes,,
chitosan 8B,Reactive Red 239,8,100,33.27,10.4236/abc.2019.91001,deepseek-v4-flash (pdf2text),Kinetics_Isotherm_and_Thermodynamic_Studies_of_the_Adsorption_of_Reactive_Red_239_Dye_from_Aqueous_Solution_by_Chitosan_8B,yes,yes,yes,yes,yes,,
chitosan 8B,Reactive Red 239,9,100,30.10,10.4236/abc.2019.91001,deepseek-v4-flash (pdf2text),Kinetics_Isotherm_and_Thermodynamic_Studies_of_the_Adsorption_of_Reactive_Red_239_Dye_from_Aqueous_Solution_by_Chitosan_8B,yes,yes,yes,yes,yes,,
chitosan 8B,Reactive Red 239,10,100,19.20,10.4236/abc.2019.91001,deepseek-v4-flash (pdf2text),Kinetics_Isotherm_and_Thermodynamic_Studies_of_the_Adsorption_of_Reactive_Red_239_Dye_from_Aqueous_Solution_by_Chitosan_8B,yes,yes,yes,yes,yes,,
chitosan 8B,Reactive Red 239,4,30,14.57,10.4236/abc.2019.91001,deepseek-v4-flash (pdf2text),Kinetics_Isotherm_and_Thermodynamic_Studies_of_the_Adsorption_of_Reactive_Red_239_Dye_from_Aqueous_Solution_by_Chitosan_8B,yes,yes,yes,yes,yes,,
chitosan 8B,Reactive Red 239,4,50,25.03,10.4236/abc.2019.91001,deepseek-v4-flash (pdf2text),Kinetics_Isotherm_and_Thermodynamic_Studies_of_the_Adsorption_of_Reactive_Red_239_Dye_from_Aqueous_Solution_by_Chitosan_8B,yes,yes,yes,yes,yes,,
chitosan 8B,Reactive Red 239,4,150,59.77,10.4236/abc.2019.91001,deepseek-v4-flash (pdf2text),Kinetics_Isotherm_and_Thermodynamic_Studies_of_the_Adsorption_of_Reactive_Red_239_Dye_from_Aqueous_Solution_by_Chitosan_8B,yes,yes,yes,yes,yes,,
chitosan 8B,Reactive Red 239,4,200,71.67,10.4236/abc.2019.91001,deepseek-v4-flash (pdf2text),Kinetics_Isotherm_and_Thermodynamic_Studies_of_the_Adsorption_of_Reactive_Red_239_Dye_from_Aqueous_Solution_by_Chitosan_8B,yes,yes,yes,yes,yes,,
chitosan 8B,Reactive Red 239,4,NaN,123.46,10.4236/abc.2019.91001,deepseek-v4-flash (pdf2text),Kinetics_Isotherm_and_Thermodynamic_Studies_of_the_Adsorption_of_Reactive_Red_239_Dye_from_Aqueous_Solution_by_Chitosan_8B,yes,yes,yes,no,yes,,
PVA 1 gram,tetrasiklin,NaN,20,NaN,"""Jurnal Teknologi Lingkungan Lahan Basah",deepseek-v4-flash (pdf2text),Kinetika_Adsorpsi_Antibiotik_Tetrasiklin_Oleh_Komposit_TiO2-NiPVASerat_Sabut_Pinang_Teraktivasi,yes,yes,no,yes,no,,
PVA 2 gram,tetrasiklin,NaN,20,NaN,"""Jurnal Teknologi Lingkungan Lahan Basah",deepseek-v4-flash (pdf2text),Kinetika_Adsorpsi_Antibiotik_Tetrasiklin_Oleh_Komposit_TiO2-NiPVASerat_Sabut_Pinang_Teraktivasi,yes,yes,no,yes,no,,
PVA 3 gram,tetrasiklin,NaN,20,NaN,"""Jurnal Teknologi Lingkungan Lahan Basah",deepseek-v4-flash (pdf2text),Kinetika_Adsorpsi_Antibiotik_Tetrasiklin_Oleh_Komposit_TiO2-NiPVASerat_Sabut_Pinang_Teraktivasi,yes,yes,no,yes,no,,
Mg-Al-CO3 LDH/Chitosan,phosphate,NaN,NaN,106.3,72,deepseek-v4-flash (pdf2text),Layered_double_hydroxides_LDH_materials_for_effective_phosphate_adsorption_from_aqueous_solution,yes,yes,no,no,yes,,
chitosan-calcite,phosphate,NaN,20,16.05,Batch kinetic at 22°C,deepseek-v4-flash (pdf2text),Low-cost_chitosan-calcite_adsorbent_development_for_potential_phosphate_removal_and_recovery_from_wastewater_effluent,yes,yes,no,yes,yes,,
chitosan-calcite,phosphate,NaN,0.1,0.88,Isotherm at 22°C (q0.1),deepseek-v4-flash (pdf2text),Low-cost_chitosan-calcite_adsorbent_development_for_potential_phosphate_removal_and_recovery_from_wastewater_effluent,yes,yes,no,yes,yes,,
chitosan-calcite,phosphate,NaN,5,2.4,Fixed-bed column study (inlet P=5 mg/L),deepseek-v4-flash (pdf2text),Low-cost_chitosan-calcite_adsorbent_development_for_potential_phosphate_removal_and_recovery_from_wastewater_effluent,yes,yes,no,yes,yes,,
chitosan-calcite,phosphate,NaN,10,1.4,Fixed-bed column study (bed height=3 cm),deepseek-v4-flash (pdf2text),Low-cost_chitosan-calcite_adsorbent_development_for_potential_phosphate_removal_and_recovery_from_wastewater_effluent,yes,yes,no,yes,yes,,
Polypyrrole/ bagasse polymer composite,Cr(VI),NaN,NaN,251,[2],deepseek-v4-flash (pdf2text),ltbgtBiosorption_of_Heavy_Metals_Using_Biomass-Derived_Adsorbents_Mechanisms_Modifications_and_Future_Perspectivesltbgt,yes,yes,no,no,yes,,
Crosslinked magnetic chitosan,Cu(II),NaN,NaN,78.13,141,deepseek-v4-flash (pdf2text),MAGNETIC_CHITOSAN_NANOCOMPOSITES_AS_ADSORBENTS_IN_INDUSTRIAL_WASTEWATER_TREATMENT_A_BRIEF_REVIEW,yes,yes,no,no,yes,,
PAN,Toluidine Blue,NaN,1,325,"""Magnetic Composite Nanofibers as Advanced Adsorbents for Toluidine Blue and Congo Red Dyes""",deepseek-v4-flash (pdf2text),Magnetic_Composite_Nanofibers_as_Advanced_Adsorbents_for_Toluidine_Blue_and_Congo_Red_Dyes,yes,yes,no,yes,yes,,
PAN,Congo Red,NaN,1,350,"""Magnetic Composite Nanofibers as Advanced Adsorbents for Toluidine Blue and Congo Red Dyes""",deepseek-v4-flash (pdf2text),Magnetic_Composite_Nanofibers_as_Advanced_Adsorbents_for_Toluidine_Blue_and_Congo_Red_Dyes,yes,yes,no,yes,yes,,C1=CC=C2C(=C1)C(=CC(=C2N)N=NC3=CC=C(C=C3)C4=CC=C(C=C4)N=NC5=C(C6=CC=CC=C6C(=C5)S(=O)(=O)[O-])N)S(=O)(=O)[O-].[Na+].[Na+]
poly(ionic liquid),alizarin red,NaN,NaN,510.2,Yang et al.,deepseek-v4-flash (pdf2text),Magnetic_iron_oxides_nanocomposites_synthetic_techniques_and_environmental_applications_for_wastewater_treatment,yes,yes,no,no,yes,,
Chitosan,Sulfamethazine,7,500,124.2,10.25259/AJC_1285_2025,deepseek-v4-flash (pdf2text),Metal-organic_framework_decorated_by_chitosan_implemented_as_an_efficient_solid_phase_extraction_of_antibiotics_residues_from_milk,yes,yes,yes,yes,yes,,
Chitosan,Sulfanilamide,7,500,82.0,10.25259/AJC_1285_2025,deepseek-v4-flash (pdf2text),Metal-organic_framework_decorated_by_chitosan_implemented_as_an_efficient_solid_phase_extraction_of_antibiotics_residues_from_milk,yes,yes,yes,yes,yes,,
Refined aspen wood fiber (carboxymethyl cellulose+FeCl2),Phosphates,NaN,NaN,4.14,Eberhardt and Min (2008),deepseek-v4-flash (pdf2text),Methods_to_prepare_biosorbents_and_magnetic_sorbents_for_water_treatment_a_review,yes,yes,no,no,yes,,
Commercial dry baker’s yeast (alginate beads),Hexavalent chromium,NaN,NaN,95,De Rossi et al. (2020),deepseek-v4-flash (pdf2text),Methods_to_prepare_biosorbents_and_magnetic_sorbents_for_water_treatment_a_review,yes,yes,no,no,yes,,
Shrimp shell-derived chitosan,Ferrous iron,NaN,NaN,65.2,Mohanasrinivasan et al. (2014),deepseek-v4-flash (pdf2text),Methods_to_prepare_biosorbents_and_magnetic_sorbents_for_water_treatment_a_review,yes,yes,no,no,yes,,
Shrimp shell-derived chitosan,Hexavalent chromium,NaN,NaN,37.51,Mohanasrinivasan et al. (2014),deepseek-v4-flash (pdf2text),Methods_to_prepare_biosorbents_and_magnetic_sorbents_for_water_treatment_a_review,yes,yes,no,no,yes,,
Microcrystalline cellulose from sugarcane bagasse,Methylene Blue,9,200,87.19,Onigbinde et al. 2022,deepseek-v4-flash (pdf2text),Methylene_Blue_Dye_Adsorption_in_Aqueous_System_using_Microcrystalline_Cellulose_obtained_from_Sugarcane_Bagasse,yes,yes,yes,yes,yes,,
XG-g-PAm hydrogel,Acid Red 8,1,500,177,Present study,deepseek-v4-flash (pdf2text),Microwave-assisted_synthesis_and_characterization_of_Xanthan_gum-grafted_polyacrylamide_hydrogel_for_the_removal_of_acid_red_8_dye_from_aqueous_solutions,yes,yes,yes,yes,yes,,
XG-g-PAm hydrogel,Acid Red 8,10,500,16,Present study,deepseek-v4-flash (pdf2text),Microwave-assisted_synthesis_and_characterization_of_Xanthan_gum-grafted_polyacrylamide_hydrogel_for_the_removal_of_acid_red_8_dye_from_aqueous_solutions,yes,yes,yes,yes,yes,,
XG-g-PAm hydrogel,Acid Red 8,1,100,177,Present study,deepseek-v4-flash (pdf2text),Microwave-assisted_synthesis_and_characterization_of_Xanthan_gum-grafted_polyacrylamide_hydrogel_for_the_removal_of_acid_red_8_dye_from_aqueous_solutions,yes,yes,yes,yes,yes,,
XG-g-PAm hydrogel,Acid Red 8,1,3000,3140,Present study,deepseek-v4-flash (pdf2text),Microwave-assisted_synthesis_and_characterization_of_Xanthan_gum-grafted_polyacrylamide_hydrogel_for_the_removal_of_acid_red_8_dye_from_aqueous_solutions,yes,yes,yes,yes,yes,,
XG-g-PAm hydrogel,Acid Red 8,1,NaN,1250,Present study,deepseek-v4-flash (pdf2text),Microwave-assisted_synthesis_and_characterization_of_Xanthan_gum-grafted_polyacrylamide_hydrogel_for_the_removal_of_acid_red_8_dye_from_aqueous_solutions,yes,yes,yes,no,yes,,
PVA,Congo red,1,75,18.44,10.24845/ijfac.v10.i2.117,deepseek-v4-flash (pdf2text),Modification_of_SiO2_from_Rice_Husk_with_Polyvinyl_Alcohol_PVA_as_Adsorbent_of_Congo_Red_Dye,yes,yes,yes,yes,yes,,C1=CC=C2C(=C1)C(=CC(=C2N)N=NC3=CC=C(C=C3)C4=CC=C(C=C4)N=NC5=C(C6=CC=CC=C6C(=C5)S(=O)(=O)[O-])N)S(=O)(=O)[O-].[Na+].[Na+]
PVA,Congo red,NaN,NaN,14.31,10.24845/ijfac.v10.i2.117,deepseek-v4-flash (pdf2text),Modification_of_SiO2_from_Rice_Husk_with_Polyvinyl_Alcohol_PVA_as_Adsorbent_of_Congo_Red_Dye,yes,yes,no,no,yes,,C1=CC=C2C(=C1)C(=CC(=C2N)N=NC3=CC=C(C=C3)C4=CC=C(C=C4)N=NC5=C(C6=CC=CC=C6C(=C5)S(=O)(=O)[O-])N)S(=O)(=O)[O-].[Na+].[Na+]
"""Modified cationic cellulose derived from coconut""","""Congo red""",NaN,NaN,19.372,"""Cocos (2021)""",deepseek-v4-flash (pdf2text),Modified_biomass_adsorbents_for_removal_of_organic_pollutants_a_review_of_batch_and_optimization_studies,yes,yes,no,no,yes,,C1=CC=C2C(=C1)C(=CC(=C2N)N=NC3=CC=C(C=C3)C4=CC=C(C=C4)N=NC5=C(C6=CC=CC=C6C(=C5)S(=O)(=O)[O-])N)S(=O)(=O)[O-].[Na+].[Na+]
"""Modified cationic cellulose derived from coconut""","""Tartrazin""",NaN,NaN,18.412,"""Cocos (2021)""",deepseek-v4-flash (pdf2text),Modified_biomass_adsorbents_for_removal_of_organic_pollutants_a_review_of_batch_and_optimization_studies,yes,yes,no,no,yes,,
chitosan modified with epichlorohydrin (second trial) and 1-methylimidazole (biopolymer IV),Ag(I),6.70,12.91,30.9,Table 2,deepseek-v4-flash (pdf2text),Modified_chitosan_as_a_potential_bioresin_for_AgI_recovery,yes,yes,yes,yes,yes,,
unmodified chitosan crosslinked with glutaraldehyde (biopolymer I),Ag(I),6.70,12.91,11.4,Table 2,deepseek-v4-flash (pdf2text),Modified_chitosan_as_a_potential_bioresin_for_AgI_recovery,yes,yes,yes,yes,yes,,
FDU-12-methacrylate/PMMA,Pb(II),8.0,NaN,105.3,This work,deepseek-v4-flash (pdf2text),Molecular_separation_of_ions_from_aqueous_solutions_using_modified_nanocomposites,yes,yes,yes,no,yes,,[Pb+2]
porous starch aerogel,methyl orange,9,NaN,189.7,[17],deepseek-v4-flash (pdf2text),Montmorillonite_Properties_Characteristics_and_Its_Harnessing_in_Environmental_Applications,yes,yes,yes,no,yes,,
porous starch aerogel,methyl orange,NaN,NaN,198.5,[17],deepseek-v4-flash (pdf2text),Montmorillonite_Properties_Characteristics_and_Its_Harnessing_in_Environmental_Applications,yes,yes,no,no,yes,,
chitosan,methyl orange,NaN,NaN,123.46,[43],deepseek-v4-flash (pdf2text),Montmorillonite_Properties_Characteristics_and_Its_Harnessing_in_Environmental_Applications,yes,yes,no,no,yes,,
kappa-carrageenan/sodium alginate,crystal violet,NaN,NaN,88.8,[44],deepseek-v4-flash (pdf2text),Montmorillonite_Properties_Characteristics_and_Its_Harnessing_in_Environmental_Applications,yes,yes,no,no,yes,,
microcrystalline cellulose modified with 1,2,3,4-butanetetracarboxylic acid,Pb2+,5,deepseek-v4-flash (pdf2text),Multifunctional_Cellulose_and_Cellulose-Based_Nano_Composite_Adsorbents,yes,yes,yes,yes,yes,,
cellulose acetate fiber membrane,methylene blue (MB),NaN,NaN,69.89,Chen et al.,deepseek-v4-flash (pdf2text),Multifunctional_Cellulose_and_Cellulose-Based_Nano_Composite_Adsorbents,yes,yes,no,no,yes,,
cellulose acetate fiber membrane,Congo red (CR),NaN,NaN,67.31,Chen et al.,deepseek-v4-flash (pdf2text),Multifunctional_Cellulose_and_Cellulose-Based_Nano_Composite_Adsorbents,yes,yes,no,no,yes,,
anionic cellulose foam,Eosin Y,NaN,NaN,364.22,Feng et al.,deepseek-v4-flash (pdf2text),Multifunctional_Cellulose_and_Cellulose-Based_Nano_Composite_Adsorbents,yes,yes,no,no,yes,,
cellulose with hyperbranched polyamide,orange II (OT),NaN,NaN,976,Yu et al.,deepseek-v4-flash (pdf2text),Multifunctional_Cellulose_and_Cellulose-Based_Nano_Composite_Adsorbents,yes,yes,no,no,yes,,
chitosan/CMC hollow capsules,methylene blue (MB),NaN,NaN,64.6,Kong et al.,deepseek-v4-flash (pdf2text),Multifunctional_Cellulose_and_Cellulose-Based_Nano_Composite_Adsorbents,yes,yes,no,no,yes,,
chitosan/CMC hollow capsules,methyl orange (MO),NaN,NaN,334.8,Kong et al.,deepseek-v4-flash (pdf2text),Multifunctional_Cellulose_and_Cellulose-Based_Nano_Composite_Adsorbents,yes,yes,no,no,yes,,
chitosan/CMC hollow capsules,acid blue-113 (AB),NaN,NaN,526.8,Kong et al.,deepseek-v4-flash (pdf2text),Multifunctional_Cellulose_and_Cellulose-Based_Nano_Composite_Adsorbents,yes,yes,no,no,yes,,
hollow CMC microspheres/poly(ethyleneimine),methylene blue (MB),NaN,NaN,452,Yang et al.,deepseek-v4-flash (pdf2text),Multifunctional_Cellulose_and_Cellulose-Based_Nano_Composite_Adsorbents,yes,yes,no,no,yes,,
cellulose/iron oxyhydroxide,arsenite,7,NaN,99.6,Guo and Chen,deepseek-v4-flash (pdf2text),Multifunctional_Cellulose_and_Cellulose-Based_Nano_Composite_Adsorbents,yes,yes,yes,no,yes,,
cellulose/iron oxyhydroxide,arsenate,7,NaN,33.2,Guo and Chen,deepseek-v4-flash (pdf2text),Multifunctional_Cellulose_and_Cellulose-Based_Nano_Composite_Adsorbents,yes,yes,yes,no,yes,,
iron-based metal-organic framework@cellulose aerogels,Congo red (CR),NaN,NaN,280.3,Huang et al.,deepseek-v4-flash (pdf2text),Multifunctional_Cellulose_and_Cellulose-Based_Nano_Composite_Adsorbents,yes,yes,no,no,yes,,
lemon peel/microcrystalline cellulose hydrogels,methylene blue (MB),NaN,NaN,57.54,Dai et al.,deepseek-v4-flash (pdf2text),Multifunctional_Cellulose_and_Cellulose-Based_Nano_Composite_Adsorbents,yes,yes,no,no,yes,,
UiO-66/nanocellulose aerogels,methyl orange,NaN,NaN,71.7,Wang et al.,deepseek-v4-flash (pdf2text),Multifunctional_Cellulose_and_Cellulose-Based_Nano_Composite_Adsorbents,yes,yes,no,no,yes,,
UiO-66/nanocellulose aerogels,methylene blue (MB),NaN,NaN,51.8,Wang et al.,deepseek-v4-flash (pdf2text),Multifunctional_Cellulose_and_Cellulose-Based_Nano_Composite_Adsorbents,yes,yes,no,no,yes,,
cellulose aerogel,oil,NaN,NaN,170,Dilamian and Noroozi,deepseek-v4-flash (pdf2text),Multifunctional_Cellulose_and_Cellulose-Based_Nano_Composite_Adsorbents,yes,yes,no,no,yes,,
Dialdehyde-CNC/PVAm hydrogel,AR GR,NaN,NaN,1469.7,"""Jin et al.",deepseek-v4-flash (pdf2text),Nanocellulose-based_Hydrogels_Preparation_Strategies_Dye_Adsorption_and_Factors_Impacting,yes,yes,no,no,yes,,
Dialdehyde-CNC/PVAm hydrogel,reactive light yellow K-4G,NaN,NaN,1250.9,"""Jin et al.",deepseek-v4-flash (pdf2text),Nanocellulose-based_Hydrogels_Preparation_Strategies_Dye_Adsorption_and_Factors_Impacting,yes,yes,no,no,yes,,
Chitosan-based magnetic composite,diclofenac sodium,NaN,NaN,196.00,[38],deepseek-v4-flash (pdf2text),Nanocellulosechitosan_biohybrid_aerogel_bead_adsorbent_for_removal_of_diclofenac_sodium_from_wastewater_preparation_characterization_and_adsorption_mechanism,yes,yes,no,no,yes,,
Modified nanocellulose aerogel,Cu(II),NaN,NaN,300,46,deepseek-v4-flash (pdf2text),Nanucellulose_from_Tofu_Production_Waste_for_Wastewater_Treatment,yes,yes,no,no,yes,,
In situ TEMPO functionalized nanocellulose-based membranes,Fe2+/Fe3+,NaN,NaN,456,167,deepseek-v4-flash (pdf2text),Natural_polymer-based_bioadsorbents_for_wastewater_treatment,yes,yes,no,no,yes,,
Cellulose acetate/chitosan blend films,Orange 7,NaN,NaN,9.98,177,deepseek-v4-flash (pdf2text),Natural_polymer-based_bioadsorbents_for_wastewater_treatment,yes,yes,no,no,yes,,
Cellulose acetate/chitosan blend films,brilliant yellow,NaN,NaN,9.38,177,deepseek-v4-flash (pdf2text),Natural_polymer-based_bioadsorbents_for_wastewater_treatment,yes,yes,no,no,yes,,
Chitosan-grafted-polyethyleneimine,Reactive black 5,NaN,NaN,707.27,191,deepseek-v4-flash (pdf2text),Natural_polymer-based_bioadsorbents_for_wastewater_treatment,yes,yes,no,no,yes,,
Poly(AA-co-AMA),Direct Brown 2,NaN,NaN,7,http://dx.doi.org/10.1590/0104-1428.1615,deepseek-v4-flash (pdf2text),New_copolymer_of_acrylamide_with_allyl_methacrylate_and_its_capacity_for_the_removal_of_azo_dyes,yes,yes,no,no,yes,,
polyethylene glycol 400,Safranin O,10,250,306.26,BMC600,deepseek-v4-flash (pdf2text),Novel_carbonate_oxide_and_hydroxide_nanohybrids_based_on_Mg_Ba_and_Ca_for_efficient_Safranin_O_dye_adsorption,yes,yes,yes,yes,yes,,
polyethylene glycol 400,Safranin O,10,NaN,318.47,BMC600,deepseek-v4-flash (pdf2text),Novel_carbonate_oxide_and_hydroxide_nanohybrids_based_on_Mg_Ba_and_Ca_for_efficient_Safranin_O_dye_adsorption,yes,yes,yes,no,yes,,
DOTA@sludge@chitosan,Pb(II),5.08,NaN,329.4,Table 4,deepseek-v4-flash (pdf2text),Novel_EDTA-chitosanalginate_porous_composite_beads_for_the_removal_of_Pbscpiiscp_and_methylene_blue_from_aqueous_solutions,yes,yes,yes,no,yes,,[Pb+2]
CS-PDA aerogel,Pb(II),5.5,NaN,441.2,Table 4,deepseek-v4-flash (pdf2text),Novel_EDTA-chitosanalginate_porous_composite_beads_for_the_removal_of_Pbscpiiscp_and_methylene_blue_from_aqueous_solutions,yes,yes,yes,no,yes,,[Pb+2]
gelatin-cl-poly(AAm-co-IA)/MMT (3%),malachite green,7,50,38.9,Sci Rep 14,deepseek-v4-flash (pdf2text),Novel_high-efficient_adsorbent_based_on_modified_gelatinmontmorillonite_nanocomposite_for_removal_of_malachite_green_dye,yes,yes,yes,yes,yes,,
gelatin-cl-poly(AAm-co-IA)/MMT (3%),malachite green,7,100,69.3,Sci Rep 14,deepseek-v4-flash (pdf2text),Novel_high-efficient_adsorbent_based_on_modified_gelatinmontmorillonite_nanocomposite_for_removal_of_malachite_green_dye,yes,yes,yes,yes,yes,,
gelatin-cl-poly(AAm-co-IA)/MMT (3%),malachite green,7,25,22.5,Sci Rep 14,deepseek-v4-flash (pdf2text),Novel_high-efficient_adsorbent_based_on_modified_gelatinmontmorillonite_nanocomposite_for_removal_of_malachite_green_dye,yes,yes,yes,yes,yes,,
gelatin-cl-poly(AAm-co-IA)/MMT (3%),malachite green,7,350,331.1,Sci Rep 14,deepseek-v4-flash (pdf2text),Novel_high-efficient_adsorbent_based_on_modified_gelatinmontmorillonite_nanocomposite_for_removal_of_malachite_green_dye,yes,yes,yes,yes,yes,,
gelatin-cl-poly(AAm-co-IA)/MMT (3%),malachite green,7,550,53.6,Sci Rep 14,deepseek-v4-flash (pdf2text),Novel_high-efficient_adsorbent_based_on_modified_gelatinmontmorillonite_nanocomposite_for_removal_of_malachite_green_dye,yes,yes,yes,yes,yes,,
gelatin-cl-poly(AAm-co-IA)/MMT (3%),malachite green,3,350,65.9,Sci Rep 14,deepseek-v4-flash (pdf2text),Novel_high-efficient_adsorbent_based_on_modified_gelatinmontmorillonite_nanocomposite_for_removal_of_malachite_green_dye,yes,yes,yes,yes,yes,,
gelatin-cl-poly(AAm-co-IA)/MMT (3%),malachite green,9,350,345,Sci Rep 14,deepseek-v4-flash (pdf2text),Novel_high-efficient_adsorbent_based_on_modified_gelatinmontmorillonite_nanocomposite_for_removal_of_malachite_green_dye,yes,yes,yes,yes,yes,,
GG/LBG-g-poly(AAm),Malachite green,NaN,NaN,52.96,10.21203/rs.3.rs-3831977/v1,deepseek-v4-flash (pdf2text),Novel_hydrogel_based_on_natural_hybrid_backbones_Optimized_synthesis_and_effective_adsorbent_for_the_removal_of_dye_from_an_aqueous_solution,yes,yes,no,no,yes,,
"""Amidoxime-functionalized polypropylene fiber""","""Pb(II)""",NaN,NaN,45.64,"""59""",deepseek-v4-flash (pdf2text),Novel_metal_based_nanocomposite_for_rapid_and_efficient_removal_of_lead_from_contaminated_wastewater_sorption_kinetics_thermodynamics_and_mechanisms,yes,yes,no,no,yes,,[Pb+2]
"""Fe-Cu alloy coated cellulose nanocrystals""","""Pb(II)""",NaN,NaN,39.9,"""62""",deepseek-v4-flash (pdf2text),Novel_metal_based_nanocomposite_for_rapid_and_efficient_removal_of_lead_from_contaminated_wastewater_sorption_kinetics_thermodynamics_and_mechanisms,yes,yes,no,no,yes,,[Pb+2]
Cellulose-g-PMETAC (8% cellulose,0.05 crosslinker),nitrate,NaN,15,39.0,deepseek-v4-flash (pdf2text),Novel_Quaternary_Ammonium_Functionalized_Cellulosic_Materials_for_Nitrate_Adsorption_from_Polluted_Waters,yes,yes,yes,no,yes,,
Polystyrene-based commercial resin,nitrate,NaN,15,40.0,text,deepseek-v4-flash (pdf2text),Novel_Quaternary_Ammonium_Functionalized_Cellulosic_Materials_for_Nitrate_Adsorption_from_Polluted_Waters,yes,yes,no,yes,yes,,
Cellulose-g-PMETAC,nitrate,NaN,NaN,234.0,Table 1 experimental,deepseek-v4-flash (pdf2text),Novel_Quaternary_Ammonium_Functionalized_Cellulosic_Materials_for_Nitrate_Adsorption_from_Polluted_Waters,yes,yes,no,no,yes,,
Polystyrene-based commercial resin,nitrate,NaN,NaN,202.1,Table 1 experimental,deepseek-v4-flash (pdf2text),Novel_Quaternary_Ammonium_Functionalized_Cellulosic_Materials_for_Nitrate_Adsorption_from_Polluted_Waters,yes,yes,no,no,yes,,
Polystyrene-based commercial resin,nitrate,NaN,50,84.68,Table 2 pseudo-first order qe,deepseek-v4-flash (pdf2text),Novel_Quaternary_Ammonium_Functionalized_Cellulosic_Materials_for_Nitrate_Adsorption_from_Polluted_Waters,yes,yes,no,yes,yes,,
Cellulose-g-PMETAC,nitrate,NaN,50,80.23,Table 2 pseudo-first order qe,deepseek-v4-flash (pdf2text),Novel_Quaternary_Ammonium_Functionalized_Cellulosic_Materials_for_Nitrate_Adsorption_from_Polluted_Waters,yes,yes,no,yes,yes,,
coconut husk cellulose,methylene blue,7,30,2.9034,10.4236/msce.2024.122001,deepseek-v4-flash (pdf2text),Optimization_of_Methylene_Blue_Dye_Adsorption_onto_Coconut_Husk_Cellulose_Using_Response_Surface_Methodology_Adsorption_Kinetics_Isotherms_and_Reusability_Studies,yes,yes,yes,yes,yes,,
coconut husk cellulose,methylene blue,7,NaN,42.7168,10.4236/msce.2024.122001,deepseek-v4-flash (pdf2text),Optimization_of_Methylene_Blue_Dye_Adsorption_onto_Coconut_Husk_Cellulose_Using_Response_Surface_Methodology_Adsorption_Kinetics_Isotherms_and_Reusability_Studies,yes,yes,yes,no,yes,,
pectin,methylene blue,NaN,0.03,97.28,10.3389/fsufs.2024.1395730,deepseek-v4-flash (pdf2text),Pectin_functionalized_with_CuFe_nanoparticles_for_enhanced_degradation_of_methylene_blue_from_wastewater,yes,yes,no,yes,yes,,
geopolymer powder,Cd,5,100,52.5,Section 3.2.2 / Fig. 8,deepseek-v4-flash (pdf2text),Performance_evaluation_of_3D-printed_geopolymer_monoliths_for_cadmium_adsorption,yes,yes,yes,yes,yes,,
geopolymer powder,Cd,NaN,NaN,87.1,Abstract,deepseek-v4-flash (pdf2text),Performance_evaluation_of_3D-printed_geopolymer_monoliths_for_cadmium_adsorption,yes,yes,no,no,yes,,
geopolymer bead,Cd,5,100,37.5,Table 3 (Z=0.5 Q=5),deepseek-v4-flash (pdf2text),Performance_evaluation_of_3D-printed_geopolymer_monoliths_for_cadmium_adsorption,yes,yes,yes,yes,yes,,
geopolymer monolith,Cd,5,100,35.9,Table 3 (Z=0.5 Q=5),deepseek-v4-flash (pdf2text),Performance_evaluation_of_3D-printed_geopolymer_monoliths_for_cadmium_adsorption,yes,yes,yes,yes,yes,,
Polypyrrole/chitason composites (PPy/Ch),Acaticd orange-RL,4,NaN,76.9,204,deepseek-v4-flash (pdf2text),Phytoremediative_adsorption_methodologies_to_decontaminate_water_from_dyes_and_organic_pollutants,yes,yes,yes,no,yes,,
Chitosan-aniline,Crystal violet,>7,NaN,100.6,205,deepseek-v4-flash (pdf2text),Phytoremediative_adsorption_methodologies_to_decontaminate_water_from_dyes_and_organic_pollutants,yes,yes,yes,no,yes,,
PET,Doxycycline,NaN,NaN,138.05,Usama et al.,deepseek-v4-flash (pdf2text),Plastic_Waste-Based_Activated_Carbon_Adsorption_Optimization_Model_Using_Machine_Learning_to_Improve_the_Quality_of_Domestic_Liquid_Waste,yes,yes,no,no,yes,,C[C@@H]1[C@H]2[C@@H]([C@H]3[C@@H](C(=O)C(=C([C@]3(C(=O)C2=C(C4=C1C=CC=C4O)O)O)O)C(=O)N)N(C)C)O
PET,Nitrofurantoin,NaN,NaN,126.79,Usama et al.,deepseek-v4-flash (pdf2text),Plastic_Waste-Based_Activated_Carbon_Adsorption_Optimization_Model_Using_Machine_Learning_to_Improve_the_Quality_of_Domestic_Liquid_Waste,yes,yes,no,no,yes,,
PET,Sulfadiazine,NaN,NaN,324.75,Usama et al.,deepseek-v4-flash (pdf2text),Plastic_Waste-Based_Activated_Carbon_Adsorption_Optimization_Model_Using_Machine_Learning_to_Improve_the_Quality_of_Domestic_Liquid_Waste,yes,yes,no,no,yes,,
poly(Acr/Sty) hydrogel,Cr(III),NaN,500,346.48,"""Khedr et al. Sci Rep (2025)""",deepseek-v4-flash (pdf2text),Polyacrylamidestyrenesulfonic_acid_hydrogels_for_effective_removal_of_CrIII_ions,yes,yes,no,yes,yes,,
poly(Acr/Sty) hydrogel,Cr(III),NaN,NaN,322.47,"""Khedr et al. Sci Rep (2025)""",deepseek-v4-flash (pdf2text),Polyacrylamidestyrenesulfonic_acid_hydrogels_for_effective_removal_of_CrIII_ions,yes,yes,no,no,yes,,
poly(Acr/Sty) hydrogel (0.7 M),Cr(III),NaN,NaN,63.4,"""Khedr et al. Sci Rep (2025)""",deepseek-v4-flash (pdf2text),Polyacrylamidestyrenesulfonic_acid_hydrogels_for_effective_removal_of_CrIII_ions,yes,yes,no,no,yes,,
P(AA-co-AMPS)-chitosan hydrogel (10:1),Crystal Violet,4.3,1000,1032,Section 3.3 Fig.5,deepseek-v4-flash (pdf2text),Polyacrylic_acid-icoi-2-acrylamido-2-methyl-1-propanesulfonic_acid-grafted_chitosan_hydrogels_for_effective_adsorption_and_photocatalytic_degradation_of_dyes,yes,yes,yes,yes,yes,,
polyethyleneimine,Cr(VI),2,NaN,44.6,10.15244/pjoes/188595,deepseek-v4-flash (pdf2text),Polyethyleneimine-Modified_Garden_WasteBiochar_Preparation_and_Its_Applicationfor_Aqueous_CrⅥ_Adsorption,yes,yes,yes,no,yes,*CCN*,
polyethyleneimine,Cr(VI),9,NaN,3.8,10.15244/pjoes/188595,deepseek-v4-flash (pdf2text),Polyethyleneimine-Modified_Garden_WasteBiochar_Preparation_and_Its_Applicationfor_Aqueous_CrⅥ_Adsorption,yes,yes,yes,no,yes,*CCN*,
polyethyleneimine,Cr(VI),NaN,50,32.42,10.15244/pjoes/188595,deepseek-v4-flash (pdf2text),Polyethyleneimine-Modified_Garden_WasteBiochar_Preparation_and_Its_Applicationfor_Aqueous_CrⅥ_Adsorption,yes,yes,no,yes,yes,*CCN*,
polyethyleneimine,Cr(VI),4,50,44.33,10.15244/pjoes/188595,deepseek-v4-flash (pdf2text),Polyethyleneimine-Modified_Garden_WasteBiochar_Preparation_and_Its_Applicationfor_Aqueous_CrⅥ_Adsorption,yes,yes,yes,yes,yes,*CCN*,
polyethyleneimine,Cr(VI),4,80,49.65,10.15244/pjoes/188595,deepseek-v4-flash (pdf2text),Polyethyleneimine-Modified_Garden_WasteBiochar_Preparation_and_Its_Applicationfor_Aqueous_CrⅥ_Adsorption,yes,yes,yes,yes,yes,*CCN*,
polyethyleneimine,Cr(VI),4,NaN,51.1771,10.15244/pjoes/188595,deepseek-v4-flash (pdf2text),Polyethyleneimine-Modified_Garden_WasteBiochar_Preparation_and_Its_Applicationfor_Aqueous_CrⅥ_Adsorption,yes,yes,yes,no,yes,*CCN*,
polyethyleneimine,Cr(VI),4,50.22,29.53,10.15244/pjoes/188595,deepseek-v4-flash (pdf2text),Polyethyleneimine-Modified_Garden_WasteBiochar_Preparation_and_Its_Applicationfor_Aqueous_CrⅥ_Adsorption,yes,yes,yes,yes,yes,*CCN*,
Nitrogen-rich cellulose gel,Rifampicin,7,30,117.02,Ngwabebhoh et al. (2025),deepseek-v4-flash (pdf2text),Polymeric_Composites_for_Efficient_Dye_Removal_Adsorption_Mechanisms_Environmental_Impact_and_Performance_Evaluation,yes,yes,yes,yes,yes,,
Magnetic chitosan/Ag@MWCN,Ciprofloxacin,9,31.26,31.26,Sistanizadeh Aghdam et al. (2025),deepseek-v4-flash (pdf2text),Polymeric_Composites_for_Efficient_Dye_Removal_Adsorption_Mechanisms_Environmental_Impact_and_Performance_Evaluation,yes,yes,yes,yes,yes,,C1CC1N2C=C(C(=O)C3=CC(=C(C=C32)N4CCNCC4)F)C(=O)O
PVP/Chitosan/ZnFe2O4,Amoxicillin,7.4,40,384.6,Mangla et al. (2024),deepseek-v4-flash (pdf2text),Polymeric_Composites_for_Efficient_Dye_Removal_Adsorption_Mechanisms_Environmental_Impact_and_Performance_Evaluation,yes,yes,yes,yes,yes,,CC1([C@@H](N2[C@H](S1)[C@@H](C2=O)NC(=O)[C@@H](C3=CC=C(C=C3)O)N)C(=O)O)C
PVA/HKUST,Cefixime,8,20,282.5,Mirzaei et al. (2025),deepseek-v4-flash (pdf2text),Polymeric_Composites_for_Efficient_Dye_Removal_Adsorption_Mechanisms_Environmental_Impact_and_Performance_Evaluation,yes,yes,yes,yes,yes,,
Magnetic aerogel based on hemicellulose and chitosan,Congo red,NaN,NaN,137.8,"""Guan et al.",deepseek-v4-flash (pdf2text),Polysaccharides-based_adsorbents_for_removal_of_Congo_red_dyes_from_wastewater,yes,yes,no,no,yes,,C1=CC=C2C(=C1)C(=CC(=C2N)N=NC3=CC=C(C=C3)C4=CC=C(C=C4)N=NC5=C(C6=CC=CC=C6C(=C5)S(=O)(=O)[O-])N)S(=O)(=O)[O-].[Na+].[Na+]
polyurea,Congo red,7.0,0.72,1.20,Table 1,deepseek-v4-flash (pdf2text),Polyurea_Membrane_as_potential_purifying_technology_for_Water_Cleaning_Kinetic_and_Equilibrium_Modeling_of_Dyes_Adsorption,yes,yes,yes,yes,yes,,C1=CC=C2C(=C1)C(=CC(=C2N)N=NC3=CC=C(C=C3)C4=CC=C(C=C4)N=NC5=C(C6=CC=CC=C6C(=C5)S(=O)(=O)[O-])N)S(=O)(=O)[O-].[Na+].[Na+]
polyurea,Congo red,7.0,1.59,2.16,Table 1,deepseek-v4-flash (pdf2text),Polyurea_Membrane_as_potential_purifying_technology_for_Water_Cleaning_Kinetic_and_Equilibrium_Modeling_of_Dyes_Adsorption,yes,yes,yes,yes,yes,,C1=CC=C2C(=C1)C(=CC(=C2N)N=NC3=CC=C(C=C3)C4=CC=C(C=C4)N=NC5=C(C6=CC=CC=C6C(=C5)S(=O)(=O)[O-])N)S(=O)(=O)[O-].[Na+].[Na+]
polyurea,Congo red,7.0,2.70,4.14,Table 1,deepseek-v4-flash (pdf2text),Polyurea_Membrane_as_potential_purifying_technology_for_Water_Cleaning_Kinetic_and_Equilibrium_Modeling_of_Dyes_Adsorption,yes,yes,yes,yes,yes,,C1=CC=C2C(=C1)C(=CC(=C2N)N=NC3=CC=C(C=C3)C4=CC=C(C=C4)N=NC5=C(C6=CC=CC=C6C(=C5)S(=O)(=O)[O-])N)S(=O)(=O)[O-].[Na+].[Na+]
GG-PVA,methylene blue,7,20,61.85,10.1007/s10965-025-04555-1,deepseek-v4-flash (pdf2text),Polyvinyl_alcohol_cross-linked_graphene_oxide_with_grafted_glutamic_acid_aerogels_for_enhanced_methylene_blue_adsorption,yes,yes,yes,yes,yes,,
GG-PVA,methylene blue,7,NaN,121.95,10.1007/s10965-025-04555-1,deepseek-v4-flash (pdf2text),Polyvinyl_alcohol_cross-linked_graphene_oxide_with_grafted_glutamic_acid_aerogels_for_enhanced_methylene_blue_adsorption,yes,yes,yes,no,yes,,
NFC+PANI,acid red,NaN,NaN,600,22,deepseek-v4-flash (pdf2text),Porous_Aerogels_and_Adsorption_of_Pollutants_from_Water_and_Air_A_Review,yes,yes,no,no,yes,,
NFC+PANI,methylene blue,NaN,NaN,1363,22,deepseek-v4-flash (pdf2text),Porous_Aerogels_and_Adsorption_of_Pollutants_from_Water_and_Air_A_Review,yes,yes,no,no,yes,,
Alginate/Chitosan/Melamine,Pb(II),NaN,NaN,1331.6,27,deepseek-v4-flash (pdf2text),Porous_Aerogels_and_Adsorption_of_Pollutants_from_Water_and_Air_A_Review,yes,yes,no,no,yes,,[Pb+2]
Chitosan/PDA,Cr(VI),NaN,NaN,374.4,68,deepseek-v4-flash (pdf2text),Porous_Aerogels_and_Adsorption_of_Pollutants_from_Water_and_Air_A_Review,yes,yes,no,no,yes,,
Chitosan/PDA,Pb(II),NaN,NaN,441.2,68,deepseek-v4-flash (pdf2text),Porous_Aerogels_and_Adsorption_of_Pollutants_from_Water_and_Air_A_Review,yes,yes,no,no,yes,,[Pb+2]
Chitosan/Waste Paper Office,Cu(II),NaN,NaN,156.3,69,deepseek-v4-flash (pdf2text),Porous_Aerogels_and_Adsorption_of_Pollutants_from_Water_and_Air_A_Review,yes,yes,no,no,yes,,
beta-CD/Chitosan/Hexamethylenetetramine,Cr(VI),NaN,NaN,333.8,70,deepseek-v4-flash (pdf2text),Porous_Aerogels_and_Adsorption_of_Pollutants_from_Water_and_Air_A_Review,yes,yes,no,no,yes,,
beta-CD/Chitosan/Hexamethylenetetramine,methylene blue,NaN,NaN,395.7,70,deepseek-v4-flash (pdf2text),Porous_Aerogels_and_Adsorption_of_Pollutants_from_Water_and_Air_A_Review,yes,yes,no,no,yes,,
beta-CD/Chitosan/Hexamethylenetetramine,RhB,NaN,NaN,364.3,70,deepseek-v4-flash (pdf2text),Porous_Aerogels_and_Adsorption_of_Pollutants_from_Water_and_Air_A_Review,yes,yes,no,no,yes,,
Chitosan/Cellulose Sulfate,Pb(II),NaN,NaN,137.8,72,deepseek-v4-flash (pdf2text),Porous_Aerogels_and_Adsorption_of_Pollutants_from_Water_and_Air_A_Review,yes,yes,no,no,yes,,[Pb+2]
Chitosan,Cu(II),NaN,NaN,108.14,66,deepseek-v4-flash (pdf2text),Porous_Aerogels_and_Adsorption_of_Pollutants_from_Water_and_Air_A_Review,yes,yes,no,no,yes,,
Chitosan,Pb(II),NaN,NaN,,,deepseek-v4-flash (pdf2text),Porous_Aerogels_and_Adsorption_of_Pollutants_from_Water_and_Air_A_Review,yes,yes,no,no,no,,[Pb+2]
chitosan/Ag2O NPs composite,Tetracycline,NaN,30,0.33956,Majeed & Naser 2025,deepseek-v4-flash (pdf2text),Preparation_and_Characterization_of_ChitosanAg2O_NP_Biocomposites_for_Tetracycline_Adsorption,yes,yes,no,yes,yes,,C[C@@]1([C@H]2C[C@H]3[C@@H](C(=O)C(=C([C@]3(C(=O)C2=C(C4=C1C=CC=C4O)O)O)O)C(=O)N)N(C)C)O
chitosan/Ag2O NPs composite,Tetracycline,NaN,10,0.608255,Majeed & Naser 2025,deepseek-v4-flash (pdf2text),Preparation_and_Characterization_of_ChitosanAg2O_NP_Biocomposites_for_Tetracycline_Adsorption,yes,yes,no,yes,yes,,C[C@@]1([C@H]2C[C@H]3[C@@H](C(=O)C(=C([C@]3(C(=O)C2=C(C4=C1C=CC=C4O)O)O)O)C(=O)N)N(C)C)O
chitosan/Ag2O NPs composite,Tetracycline,NaN,20,1.114486,Majeed & Naser 2025,deepseek-v4-flash (pdf2text),Preparation_and_Characterization_of_ChitosanAg2O_NP_Biocomposites_for_Tetracycline_Adsorption,yes,yes,no,yes,yes,,C[C@@]1([C@H]2C[C@H]3[C@@H](C(=O)C(=C([C@]3(C(=O)C2=C(C4=C1C=CC=C4O)O)O)O)C(=O)N)N(C)C)O
chitosan/Ag2O NPs composite,Tetracycline,NaN,40,1.725857,Majeed & Naser 2025,deepseek-v4-flash (pdf2text),Preparation_and_Characterization_of_ChitosanAg2O_NP_Biocomposites_for_Tetracycline_Adsorption,yes,yes,no,yes,yes,,C[C@@]1([C@H]2C[C@H]3[C@@H](C(=O)C(=C([C@]3(C(=O)C2=C(C4=C1C=CC=C4O)O)O)O)C(=O)N)N(C)C)O
chitosan/Ag2O NPs composite,Tetracycline,NaN,50,2.446262,Majeed & Naser 2025,deepseek-v4-flash (pdf2text),Preparation_and_Characterization_of_ChitosanAg2O_NP_Biocomposites_for_Tetracycline_Adsorption,yes,yes,no,yes,yes,,C[C@@]1([C@H]2C[C@H]3[C@@H](C(=O)C(=C([C@]3(C(=O)C2=C(C4=C1C=CC=C4O)O)O)O)C(=O)N)N(C)C)O
chitosan,Reactive Orange 122,4,100,9.95,10.1007/s13399-024-05284-z,deepseek-v4-flash (pdf2text),Preparation_and_characterization_of_chitosanzeolite_composites_for_Reactive_Orange_122_dye_removal_from_aqueous_media_isotherm_and_kinetic_studies,yes,yes,yes,yes,yes,,
thiourea formaldehyde calcium alginate,Reactive Black 5,1,NaN,0.2,Canadian Journal of Chemistry cjc-2017-0767.R1,deepseek-v4-flash (pdf2text),Preparation_characterization_and_application_of_synthesized_thiourea_formaldehyde-calcium_alginate_in_removal_of_Reactive_Black_5,yes,yes,yes,no,yes,,
polyaniline,methylene blue,NaN,NaN,24.813,10.1038/s41598-023-38511-0,deepseek-v4-flash (pdf2text),Preparation_of_sisal_fiberpolyanilinebio-surfactant_rhamnolipid-layered_double_hydroxide_nanocomposite_for_water_decolorization_kinetic_equilibrium_and_thermodynamic_studies,yes,yes,no,no,yes,,
polyaniline,reactive orange 16,NaN,NaN,23.981,10.1038/s41598-023-38511-0,deepseek-v4-flash (pdf2text),Preparation_of_sisal_fiberpolyanilinebio-surfactant_rhamnolipid-layered_double_hydroxide_nanocomposite_for_water_decolorization_kinetic_equilibrium_and_thermodynamic_studies,yes,yes,no,no,yes,,
"""Poly(4-vinyl pyridine-co-2-hydroxyethyl methacrylate) imprinted polymer""",Cr(VI),NaN,NaN,172,99,deepseek-v4-flash (pdf2text),Recent_advances_in_hexavalent_chromium_removal_from_aqueous_solutions_by_adsorptive_methods,yes,yes,no,no,yes,,
"""Carboxymethylcellulose-ethylenediamine imprinted polymer""",Cr(VI),NaN,NaN,177.62,54,deepseek-v4-flash (pdf2text),Recent_advances_in_hexavalent_chromium_removal_from_aqueous_solutions_by_adsorptive_methods,yes,yes,no,no,yes,,
"""Chitosan/aluminum-lanthanum mixed oxyhydroxide (CSALMOH)""",Cr(VI),NaN,NaN,78.90,15,deepseek-v4-flash (pdf2text),Recent_advances_in_hexavalent_chromium_removal_from_aqueous_solutions_by_adsorptive_methods,yes,yes,no,no,yes,,
"""Trimesic acid-cross-linked chitosan""",Cr(VI),NaN,336.63,129.53,58,deepseek-v4-flash (pdf2text),Recent_advances_in_hexavalent_chromium_removal_from_aqueous_solutions_by_adsorptive_methods,yes,yes,no,yes,yes,,
"""Ionic liquid impregnated phosphate chitosan""",Cr(VI),NaN,NaN,266.67,16,deepseek-v4-flash (pdf2text),Recent_advances_in_hexavalent_chromium_removal_from_aqueous_solutions_by_adsorptive_methods,yes,yes,no,no,yes,,
cellulose nanocrystal-reinforced keratin,Reactive Black 5,3,200,1201,143,deepseek-v4-flash (pdf2text),Recent_advances_on_the_removal_of_dyes_from_wastewater_using_various_adsorbents_a_critical_review,yes,yes,yes,yes,yes,,
cellulose nanocrystal-reinforced keratin,Direct Red 80,3,200,1070,143,deepseek-v4-flash (pdf2text),Recent_advances_on_the_removal_of_dyes_from_wastewater_using_various_adsorbents_a_critical_review,yes,yes,yes,yes,yes,,
carbohydrate polymeric biodegradable adsorbent of wheat flour,Rhodamine B,5.5,5.0,142.26,145,deepseek-v4-flash (pdf2text),Recent_advances_on_the_removal_of_dyes_from_wastewater_using_various_adsorbents_a_critical_review,yes,yes,yes,yes,yes,,
wood-based colloidal cellulose nanocrystals,Auramine O,NaN,NaN,20,152,deepseek-v4-flash (pdf2text),Recent_advances_on_the_removal_of_dyes_from_wastewater_using_various_adsorbents_a_critical_review,yes,yes,no,no,yes,,
arginine-modified starch resin,Acid fuchsin,NaN,0.25,21.326,154,deepseek-v4-flash (pdf2text),Recent_advances_on_the_removal_of_dyes_from_wastewater_using_various_adsorbents_a_critical_review,yes,yes,no,yes,yes,,
arginine-modified starch resin,Acid Orange G,NaN,0.25,23.485,154,deepseek-v4-flash (pdf2text),Recent_advances_on_the_removal_of_dyes_from_wastewater_using_various_adsorbents_a_critical_review,yes,yes,no,yes,yes,,
La/PVA/Alg/Pal beads,phosphate,4,NaN,33.2,95,deepseek-v4-flash (pdf2text),Recent_developments_in_alginate-based_adsorbents_for_removing_phosphate_ions_from_wastewater_a_review,yes,yes,yes,no,yes,,
Mg–Al LDH–Alg/PVA beads,phosphate,5.7,NaN,1.9,116,deepseek-v4-flash (pdf2text),Recent_developments_in_alginate-based_adsorbents_for_removing_phosphate_ions_from_wastewater_a_review,yes,yes,yes,no,yes,,
LDH–PVA/Alg beads,phosphate,4.9,NaN,0.4,113,deepseek-v4-flash (pdf2text),Recent_developments_in_alginate-based_adsorbents_for_removing_phosphate_ions_from_wastewater_a_review,yes,yes,yes,no,yes,,
Chitosan-olive pomace,tetracycline,2-12,NaN,16,63,deepseek-v4-flash (pdf2text),Recent_developments_in_chitosan-based_adsorbents_for_tetracycline_removal_A_mini-review,yes,yes,yes,no,yes,,C[C@@]1([C@H]2C[C@H]3[C@@H](C(=O)C(=C([C@]3(C(=O)C2=C(C4=C1C=CC=C4O)O)O)O)C(=O)N)N(C)C)O
"""CDF (chitosan","diphenylurea and formaldehyde)@MF""",tetracycline,2-10,NaN,168.24,deepseek-v4-flash (pdf2text),Recent_developments_in_chitosan-based_adsorbents_for_tetracycline_removal_A_mini-review,yes,yes,yes,yes,no,,
NDMCMs (nitrilotriacetic acid-modified magnetic chitosan microspheres),tetracycline,2-10,NaN,373.5,66,deepseek-v4-flash (pdf2text),Recent_developments_in_chitosan-based_adsorbents_for_tetracycline_removal_A_mini-review,yes,yes,yes,no,yes,,C[C@@]1([C@H]2C[C@H]3[C@@H](C(=O)C(=C([C@]3(C(=O)C2=C(C4=C1C=CC=C4O)O)O)O)C(=O)N)N(C)C)O
Zn-CSNW (chitosan nonwoven fabric),tetracycline,3-10,NaN,195.9,67,deepseek-v4-flash (pdf2text),Recent_developments_in_chitosan-based_adsorbents_for_tetracycline_removal_A_mini-review,yes,yes,yes,no,yes,,C[C@@]1([C@H]2C[C@H]3[C@@H](C(=O)C(=C([C@]3(C(=O)C2=C(C4=C1C=CC=C4O)O)O)O)C(=O)N)N(C)C)O
Halloysite/chitosan,tetracycline,2.8-8.5,NaN,19.4,68,deepseek-v4-flash (pdf2text),Recent_developments_in_chitosan-based_adsorbents_for_tetracycline_removal_A_mini-review,yes,yes,yes,no,yes,,C[C@@]1([C@H]2C[C@H]3[C@@H](C(=O)C(=C([C@]3(C(=O)C2=C(C4=C1C=CC=C4O)O)O)O)C(=O)N)N(C)C)O
LCBW (leached carbon black waste)-chitosan,tetracycline,7.5-8.5,NaN,205,69,deepseek-v4-flash (pdf2text),Recent_developments_in_chitosan-based_adsorbents_for_tetracycline_removal_A_mini-review,yes,yes,yes,no,yes,,C[C@@]1([C@H]2C[C@H]3[C@@H](C(=O)C(=C([C@]3(C(=O)C2=C(C4=C1C=CC=C4O)O)O)O)C(=O)N)N(C)C)O
Chitosan-based hydrogel,tetracycline,2-10,NaN,541.3,70,deepseek-v4-flash (pdf2text),Recent_developments_in_chitosan-based_adsorbents_for_tetracycline_removal_A_mini-review,yes,yes,yes,no,yes,,C[C@@]1([C@H]2C[C@H]3[C@@H](C(=O)C(=C([C@]3(C(=O)C2=C(C4=C1C=CC=C4O)O)O)O)C(=O)N)N(C)C)O
EMMCS-G (ethylenediamine-modified magnetic chitosan),tetracycline,3-11,NaN,84,58,deepseek-v4-flash (pdf2text),Recent_developments_in_chitosan-based_adsorbents_for_tetracycline_removal_A_mini-review,yes,yes,yes,no,yes,,C[C@@]1([C@H]2C[C@H]3[C@@H](C(=O)C(=C([C@]3(C(=O)C2=C(C4=C1C=CC=C4O)O)O)O)C(=O)N)N(C)C)O
chitosan,tannic acid,NaN,NaN,68,80,deepseek-v4-flash (pdf2text),Recent_developments_in_synthesis_of_attapulgite_composite_materials_for_refractory_organic_wastewater_treatment_a_review,yes,yes,no,no,yes,,
chitosan,humic acid,NaN,NaN,112.07,82,deepseek-v4-flash (pdf2text),Recent_developments_in_synthesis_of_attapulgite_composite_materials_for_refractory_organic_wastewater_treatment_a_review,yes,yes,no,no,yes,,
polyaniline,humic acid,NaN,NaN,61.35,83,deepseek-v4-flash (pdf2text),Recent_developments_in_synthesis_of_attapulgite_composite_materials_for_refractory_organic_wastewater_treatment_a_review,yes,yes,no,no,yes,,
Chitosan aerogel (3D interconnected porous),Cu(II),NaN,NaN,116.7,76,deepseek-v4-flash (pdf2text),Recent_progress_in_adsorptive_removal_of_different_contaminants_by_chitosan-based_aerogel,yes,yes,no,no,yes,,
Pineapple leaves and chitosan composite aerogel,Cr(VI),3,NaN,211.4,77,deepseek-v4-flash (pdf2text),Recent_progress_in_adsorptive_removal_of_different_contaminants_by_chitosan-based_aerogel,yes,yes,yes,no,yes,,
Chitosan and waste office paper aerogel,Cu(II),NaN,NaN,156.3,78,deepseek-v4-flash (pdf2text),Recent_progress_in_adsorptive_removal_of_different_contaminants_by_chitosan-based_aerogel,yes,yes,no,no,yes,,
EDTA-modified chitosan,Cu(II),5,NaN,108.14,79,deepseek-v4-flash (pdf2text),Recent_progress_in_adsorptive_removal_of_different_contaminants_by_chitosan-based_aerogel,yes,yes,yes,no,yes,,
EDTA-modified chitosan,Pb(II),5,NaN,143.73,79,deepseek-v4-flash (pdf2text),Recent_progress_in_adsorptive_removal_of_different_contaminants_by_chitosan-based_aerogel,yes,yes,yes,no,yes,,[Pb+2]
EDTA-modified chitosan,Cd(II),5,NaN,84.62,79,deepseek-v4-flash (pdf2text),Recent_progress_in_adsorptive_removal_of_different_contaminants_by_chitosan-based_aerogel,yes,yes,yes,no,yes,,[Cd+2]
Cross-linked chitosan aerogel,Cu(II),NaN,NaN,21.38,81,deepseek-v4-flash (pdf2text),Recent_progress_in_adsorptive_removal_of_different_contaminants_by_chitosan-based_aerogel,yes,yes,no,no,yes,,
CS coated PCL/n-HA,S. aureus,NaN,3e5,98,105,deepseek-v4-flash (pdf2text),Recent_progress_in_adsorptive_removal_of_different_contaminants_by_chitosan-based_aerogel,yes,yes,no,yes,yes,,
poly(acrylamide/sodium acrylate) hydrogel (G8),Cr(III),NaN,500,206.3,Effect of initial concentration,deepseek-v4-flash (pdf2text),Recovery_and_reuse_of_chromium_III_using_a_highly_efficient_adsorbent_composed_of_polyacrylamidesodium_acrylate_hydrogel,yes,yes,no,yes,yes,,
poly(acrylamide/sodium acrylate) hydrogel (G8),Cr(III),NaN,NaN,200.5,Adsorption isotherms,deepseek-v4-flash (pdf2text),Recovery_and_reuse_of_chromium_III_using_a_highly_efficient_adsorbent_composed_of_polyacrylamidesodium_acrylate_hydrogel,yes,yes,no,no,yes,,
poly(acrylamide/sodium acrylate) hydrogel (1.5:0.6 M AAm:SA,2.1 M total),Cr(III),NaN,NaN,2,deepseek-v4-flash (pdf2text),Recovery_and_reuse_of_chromium_III_using_a_highly_efficient_adsorbent_composed_of_polyacrylamidesodium_acrylate_hydrogel,yes,yes,yes,no,no,,
PEI-PVA,Cr(VI),2,NaN,396.83,10.1039/c9ra06595d,deepseek-v4-flash (pdf2text),Recyclable_functionalized_polymer_films_for_the_efficient_removal_of_hexavalent_chromium_from_aqueous_solutions,yes,yes,yes,no,yes,,
Modified carbon aerogels,Nitrate,7,60,17.92,53,deepseek-v4-flash (pdf2text),Regenerable_chitosan-embedded_magnetic_iron_oxide_beads_for_nitrate_removal_from_industrial_wastewater,yes,yes,yes,yes,yes,,
Modified chitosan microspheres,Nitrate,3,100,32.15,25,deepseek-v4-flash (pdf2text),Regenerable_chitosan-embedded_magnetic_iron_oxide_beads_for_nitrate_removal_from_industrial_wastewater,yes,yes,yes,yes,yes,,
Chitosan-BN-Fe2O3,Congo Red,7,50,24.89,10.18185/erzifbed.1180213,deepseek-v4-flash (pdf2text),Removal_of_Congo_Red_From_Water_By_Adsorption_Onto_Chitosan-BN-Fe2O3_Kinetic_and_Isotherm_Studies,yes,yes,yes,yes,yes,,C1=CC=C2C(=C1)C(=CC(=C2N)N=NC3=CC=C(C=C3)C4=CC=C(C=C4)N=NC5=C(C6=CC=CC=C6C(=C5)S(=O)(=O)[O-])N)S(=O)(=O)[O-].[Na+].[Na+]
Chitosan-BN-Fe2O3,Congo Red,7,100,49.52,10.18185/erzifbed.1180213,deepseek-v4-flash (pdf2text),Removal_of_Congo_Red_From_Water_By_Adsorption_Onto_Chitosan-BN-Fe2O3_Kinetic_and_Isotherm_Studies,yes,yes,yes,yes,yes,,C1=CC=C2C(=C1)C(=CC(=C2N)N=NC3=CC=C(C=C3)C4=CC=C(C=C4)N=NC5=C(C6=CC=CC=C6C(=C5)S(=O)(=O)[O-])N)S(=O)(=O)[O-].[Na+].[Na+]
Chitosan-BN-Fe2O3,Congo Red,7,150,70.6,10.18185/erzifbed.1180213,deepseek-v4-flash (pdf2text),Removal_of_Congo_Red_From_Water_By_Adsorption_Onto_Chitosan-BN-Fe2O3_Kinetic_and_Isotherm_Studies,yes,yes,yes,yes,yes,,C1=CC=C2C(=C1)C(=CC(=C2N)N=NC3=CC=C(C=C3)C4=CC=C(C=C4)N=NC5=C(C6=CC=CC=C6C(=C5)S(=O)(=O)[O-])N)S(=O)(=O)[O-].[Na+].[Na+]
Chitosan-BN-Fe2O3,Congo Red,7,200,85,10.18185/erzifbed.1180213,deepseek-v4-flash (pdf2text),Removal_of_Congo_Red_From_Water_By_Adsorption_Onto_Chitosan-BN-Fe2O3_Kinetic_and_Isotherm_Studies,yes,yes,yes,yes,yes,,C1=CC=C2C(=C1)C(=CC(=C2N)N=NC3=CC=C(C=C3)C4=CC=C(C=C4)N=NC5=C(C6=CC=CC=C6C(=C5)S(=O)(=O)[O-])N)S(=O)(=O)[O-].[Na+].[Na+]
Chitosan-BN-Fe2O3,Congo Red,7,NaN,86.95,10.18185/erzifbed.1180213,deepseek-v4-flash (pdf2text),Removal_of_Congo_Red_From_Water_By_Adsorption_Onto_Chitosan-BN-Fe2O3_Kinetic_and_Isotherm_Studies,yes,yes,yes,no,yes,,C1=CC=C2C(=C1)C(=CC(=C2N)N=NC3=CC=C(C=C3)C4=CC=C(C=C4)N=NC5=C(C6=CC=CC=C6C(=C5)S(=O)(=O)[O-])N)S(=O)(=O)[O-].[Na+].[Na+]
polystyrene sulfonate,diclofenac,NaN,50.0,45.6,http://dx.doi.org/10.12944/CRNFSJ.13.3.24,deepseek-v4-flash (pdf2text),Removal_of_Emerging_Contaminants_from_the_River_Mantaro_Implications_for_Safety,yes,yes,no,yes,yes,,C1=CC=C(C(=C1)CC(=O)O)NC2=C(C=CC=C2Cl)Cl
polystyrene sulfonate,atrazine,NaN,30.0,48.3,http://dx.doi.org/10.12944/CRNFSJ.13.3.24,deepseek-v4-flash (pdf2text),Removal_of_Emerging_Contaminants_from_the_River_Mantaro_Implications_for_Safety,yes,yes,no,yes,yes,,
Alginate/basil seeds,Eriochrome Black T,2,20,9.52,[45],deepseek-v4-flash (pdf2text),Removal_of_Eriochrome_Black_T_dye_using_Plant_Based_Bio-Adsorbent_A_Review,yes,yes,yes,yes,yes,,
chitosan,Eriochrome Black T,NaN,50,4.25,"""Removal of Eriochrome Black T from water using a chitosan/zeolite composite: a kinetic study""",deepseek-v4-flash (pdf2text),Removal_of_eriochrome_black_T_from_water_using_a_chitosanzeolite_composite_a_kinetic_study,yes,yes,no,yes,yes,,
"""Cr(III)-PVA/SA membrane""","""Cr(III)""",NaN,NaN,59.9,"""Chen et al. 2010""",deepseek-v4-flash (pdf2text),Removal_of_heavy_metals_and_pollutants_by_membrane_adsorption_techniques,yes,yes,no,no,yes,,
chitosan/hydroxyapatite/nanomagnetic composite,Zn,NaN,NaN,50.39,[37],deepseek-v4-flash (pdf2text),Removal_of_Heavy_Metals_from_Aqueous_Solutions_with_the_Use_of_Lignins_and_Biomass,yes,yes,no,no,yes,,
chitosan/hydroxyapatite/nanomagnetic composite,Cu,NaN,NaN,74.77,[37],deepseek-v4-flash (pdf2text),Removal_of_Heavy_Metals_from_Aqueous_Solutions_with_the_Use_of_Lignins_and_Biomass,yes,yes,no,no,yes,,
permutite with chitosan,Zn,NaN,NaN,58.8,[38],deepseek-v4-flash (pdf2text),Removal_of_Heavy_Metals_from_Aqueous_Solutions_with_the_Use_of_Lignins_and_Biomass,yes,yes,no,no,yes,,
permutite with chitosan,Cu,NaN,NaN,50.2,[38],deepseek-v4-flash (pdf2text),Removal_of_Heavy_Metals_from_Aqueous_Solutions_with_the_Use_of_Lignins_and_Biomass,yes,yes,no,no,yes,,
chitosan macro-particles,Zn,NaN,10,90.80,[39],deepseek-v4-flash (pdf2text),Removal_of_Heavy_Metals_from_Aqueous_Solutions_with_the_Use_of_Lignins_and_Biomass,yes,yes,no,yes,yes,,
chitosan nano-particles,Zn,NaN,10,99.10,[39],deepseek-v4-flash (pdf2text),Removal_of_Heavy_Metals_from_Aqueous_Solutions_with_the_Use_of_Lignins_and_Biomass,yes,yes,no,yes,yes,,
sodium alginate,Cr(VI),2,100,40.64,10.1007/s13399-025-06489-6,deepseek-v4-flash (pdf2text),Removal_of_hexavalent_chromium_from_aqueous_solutions_using_nano-Fe3O4waste_banana_peelalginate_hydrogel_biobeads_as_adsorbent,yes,yes,yes,yes,yes,,
sodium alginate,Cr(VI),2,NaN,370.4,10.1007/s13399-025-06489-6,deepseek-v4-flash (pdf2text),Removal_of_hexavalent_chromium_from_aqueous_solutions_using_nano-Fe3O4waste_banana_peelalginate_hydrogel_biobeads_as_adsorbent,yes,yes,yes,no,yes,,
keratin/polyacrylic acid hydrogel (keratin-PAA),Pb,NaN,NaN,234.6,[171],deepseek-v4-flash (pdf2text),REMOVAL_OF_MERCURY_AND_LEAD_BY_BIOADSORBENTS_AN_OVERVIEW,yes,yes,no,no,yes,,
cellulose/diatomite bead hydrogel modified with maleic anhydride,Pb,NaN,NaN,44,[170],deepseek-v4-flash (pdf2text),REMOVAL_OF_MERCURY_AND_LEAD_BY_BIOADSORBENTS_AN_OVERVIEW,yes,yes,no,no,yes,,
chitosan-based fluorescent hydrogel (NH2-BODIPY),Hg,NaN,NaN,121,[215],deepseek-v4-flash (pdf2text),REMOVAL_OF_MERCURY_AND_LEAD_BY_BIOADSORBENTS_AN_OVERVIEW,yes,yes,no,no,yes,,
modified chitosan (Schiff base ligand from acid-4-amino-3-hydroxybenzoic acid and 2-pyridinecarboxaldehyde,crosslinked with glutaraldehyde),Hg,NaN,NaN,315,deepseek-v4-flash (pdf2text),REMOVAL_OF_MERCURY_AND_LEAD_BY_BIOADSORBENTS_AN_OVERVIEW,yes,yes,yes,no,no,,
Ulva lactuca/chitosan composite,Hg,NaN,NaN,189.144,NaN,deepseek-v4-flash (pdf2text),REMOVAL_OF_MERCURY_AND_LEAD_BY_BIOADSORBENTS_AN_OVERVIEW,yes,yes,no,no,yes,,
chitosan magnetic microparticles with ethylenediamine-modified yeast biomass (20°C),Pb,NaN,NaN,121.26,[206],deepseek-v4-flash (pdf2text),REMOVAL_OF_MERCURY_AND_LEAD_BY_BIOADSORBENTS_AN_OVERVIEW,yes,yes,no,no,yes,,
chitosan magnetic microparticles with ethylenediamine-modified yeast biomass (30°C),Pb,NaN,NaN,127.37,[206],deepseek-v4-flash (pdf2text),REMOVAL_OF_MERCURY_AND_LEAD_BY_BIOADSORBENTS_AN_OVERVIEW,yes,yes,no,no,yes,,
chitosan magnetic microparticles with ethylenediamine-modified yeast biomass (40°C),Pb,NaN,NaN,134.90,[206],deepseek-v4-flash (pdf2text),REMOVAL_OF_MERCURY_AND_LEAD_BY_BIOADSORBENTS_AN_OVERVIEW,yes,yes,no,no,yes,,
AAFs-g-PDA+Poly(AAc),methylene blue,9,10,26.79,Textile & Leather Review,deepseek-v4-flash (pdf2text),Removal_of_Methylene_Blue_Dye_from_Wastewater_Using_Polydopamine_Agave_Americana_Fibres-co-PolyAAcAg_Nanocomposites,yes,yes,yes,yes,yes,,
AAFs-g-PDA+Poly(AAc),methylene blue,9,20,51.18,Textile & Leather Review,deepseek-v4-flash (pdf2text),Removal_of_Methylene_Blue_Dye_from_Wastewater_Using_Polydopamine_Agave_Americana_Fibres-co-PolyAAcAg_Nanocomposites,yes,yes,yes,yes,yes,,
AAFs-g-PDA+Poly(AAc),methylene blue,9,30,74.49,Textile & Leather Review,deepseek-v4-flash (pdf2text),Removal_of_Methylene_Blue_Dye_from_Wastewater_Using_Polydopamine_Agave_Americana_Fibres-co-PolyAAcAg_Nanocomposites,yes,yes,yes,yes,yes,,
"""GAD hydrogel beads""","""Mn(II)""",6,10,2.07,"""10.1038/s41598-018-29133-y""",deepseek-v4-flash (pdf2text),Removal_of_Mn_II_by_Sodium_AlginateGraphene_Oxide_Composite_Double-Network_Hydrogel_Beads_from_Aqueous_Solutions,yes,yes,yes,yes,yes,,
"""GAD hydrogel beads""","""Mn(II)""",6,50,8.47,"""10.1038/s41598-018-29133-y""",deepseek-v4-flash (pdf2text),Removal_of_Mn_II_by_Sodium_AlginateGraphene_Oxide_Composite_Double-Network_Hydrogel_Beads_from_Aqueous_Solutions,yes,yes,yes,yes,yes,,
"""GAD hydrogel beads""","""Mn(II)""",6,125,19.81,"""10.1038/s41598-018-29133-y""",deepseek-v4-flash (pdf2text),Removal_of_Mn_II_by_Sodium_AlginateGraphene_Oxide_Composite_Double-Network_Hydrogel_Beads_from_Aqueous_Solutions,yes,yes,yes,yes,yes,,
"""GAD hydrogel beads""","""Mn(II)""",9,NaN,28.49,"""10.1038/s41598-018-29133-y""",deepseek-v4-flash (pdf2text),Removal_of_Mn_II_by_Sodium_AlginateGraphene_Oxide_Composite_Double-Network_Hydrogel_Beads_from_Aqueous_Solutions,yes,yes,yes,no,yes,,
"""GAD hydrogel beads""","""Mn(II)""",6,NaN,56.49,"""10.1038/s41598-018-29133-y""",deepseek-v4-flash (pdf2text),Removal_of_Mn_II_by_Sodium_AlginateGraphene_Oxide_Composite_Double-Network_Hydrogel_Beads_from_Aqueous_Solutions,yes,yes,yes,no,yes,,
"""GAD hydrogel beads""","""Mn(II)""",6,200,18.11,"""10.1038/s41598-018-29133-y""",deepseek-v4-flash (pdf2text),Removal_of_Mn_II_by_Sodium_AlginateGraphene_Oxide_Composite_Double-Network_Hydrogel_Beads_from_Aqueous_Solutions,yes,yes,yes,yes,yes,,
Poly(vinyl alcohol)/Chitosan,Pb(II),NaN,NaN,266.12,[50],deepseek-v4-flash (pdf2text),Removal_of_Pb_II_and_Cd_II_Ions_by_MnFe2O4SiO2VTMS_Nanocomposites_Hydrogel_from_Aqueous_Solutions,yes,yes,no,no,yes,,[Pb+2]
Poly(vinyl alcohol)/Chitosan,Cd(II),NaN,NaN,148.79,[50],deepseek-v4-flash (pdf2text),Removal_of_Pb_II_and_Cd_II_Ions_by_MnFe2O4SiO2VTMS_Nanocomposites_Hydrogel_from_Aqueous_Solutions,yes,yes,no,no,yes,,[Cd+2]
pectin/γ-Fe2O3/gl,Pb(II),NaN,NaN,470,[51],deepseek-v4-flash (pdf2text),Removal_of_Pb_II_and_Cd_II_Ions_by_MnFe2O4SiO2VTMS_Nanocomposites_Hydrogel_from_Aqueous_Solutions,yes,yes,no,no,yes,,[Pb+2]
pectin/γ-Fe2O3/gl,Cd(II),NaN,NaN,325,[51],deepseek-v4-flash (pdf2text),Removal_of_Pb_II_and_Cd_II_Ions_by_MnFe2O4SiO2VTMS_Nanocomposites_Hydrogel_from_Aqueous_Solutions,yes,yes,no,no,yes,,[Cd+2]
PET,Brilliant Green,7,7.5,1.89,RSC Adv.,deepseek-v4-flash (pdf2text),Repurposing_waste_plastic_into_a_sustainable_adsorbent_for_removing_synthetic_dye_experimental_optimization_and_theoretical_modeling,yes,yes,yes,yes,yes,,
PET,Brilliant Green,NaN,3,0.55,RSC Adv.,deepseek-v4-flash (pdf2text),Repurposing_waste_plastic_into_a_sustainable_adsorbent_for_removing_synthetic_dye_experimental_optimization_and_theoretical_modeling,yes,yes,no,yes,yes,,
PET,Brilliant Green,NaN,30,1.70,RSC Adv.,deepseek-v4-flash (pdf2text),Repurposing_waste_plastic_into_a_sustainable_adsorbent_for_removing_synthetic_dye_experimental_optimization_and_theoretical_modeling,yes,yes,no,yes,yes,,
Aerogel (no biopolymer),Pb²⁺,5-6,,406,[21],deepseek-v4-flash (pdf2text),Research_Progress_on_the_Removal_of_Heavy_Metal_Ions_and_Organic_Pollutants_in_Water_by_Graphene_Aerogel-Based_Adsorption_Materials,yes,yes,yes,no,yes,,
Aerogel (no biopolymer),Cd²⁺,5-6,,274,[21],deepseek-v4-flash (pdf2text),Research_Progress_on_the_Removal_of_Heavy_Metal_Ions_and_Organic_Pollutants_in_Water_by_Graphene_Aerogel-Based_Adsorption_Materials,yes,yes,yes,no,yes,,
Aerogel (no biopolymer),Cu²⁺,5-6,,97,[21],deepseek-v4-flash (pdf2text),Research_Progress_on_the_Removal_of_Heavy_Metal_Ions_and_Organic_Pollutants_in_Water_by_Graphene_Aerogel-Based_Adsorption_Materials,yes,yes,yes,no,yes,,
Aerogel (no biopolymer),Zn²⁺,5-6,,68,[21],deepseek-v4-flash (pdf2text),Research_Progress_on_the_Removal_of_Heavy_Metal_Ions_and_Organic_Pollutants_in_Water_by_Graphene_Aerogel-Based_Adsorption_Materials,yes,yes,yes,no,yes,,
MnFe2O4/Chitosan Nanoadsorbent,Cu(II),4.5,NaN,14.86,83,deepseek-v4-flash (pdf2text),REVIEW_OF_ADSORPTION_OF_HEAVY_METALS_BY_ADSORBENT_MnFe2O4_ZEOLITE_IN_WATER,yes,yes,yes,no,yes,,
MnFe2O4/Chitosan Nanoadsorbent,Pb(II),4.5,NaN,15.36,83,deepseek-v4-flash (pdf2text),REVIEW_OF_ADSORPTION_OF_HEAVY_METALS_BY_ADSORBENT_MnFe2O4_ZEOLITE_IN_WATER,yes,yes,yes,no,yes,,[Pb+2]
"""Vinyl-modified aerogel""","""ciprofloxacin""",6,100,62.7,"""this study""",deepseek-v4-flash (pdf2text),Silica_aerogels_modified_with_vinyl_epoxide_methacrylate_moieties_for_the_removal_of_ciprofloxacin_by_adsorption_from_water,yes,yes,yes,yes,yes,,C1CC1N2C=C(C(=O)C3=CC(=C(C=C32)N4CCNCC4)F)C(=O)O
"""Epoxide-modified aerogel""","""ciprofloxacin""",6,100,45.8,"""this study""",deepseek-v4-flash (pdf2text),Silica_aerogels_modified_with_vinyl_epoxide_methacrylate_moieties_for_the_removal_of_ciprofloxacin_by_adsorption_from_water,yes,yes,yes,yes,yes,,C1CC1N2C=C(C(=O)C3=CC(=C(C=C32)N4CCNCC4)F)C(=O)O
"""Methacrylate-modified aerogel""","""ciprofloxacin""",6,100,47.8,"""this study""",deepseek-v4-flash (pdf2text),Silica_aerogels_modified_with_vinyl_epoxide_methacrylate_moieties_for_the_removal_of_ciprofloxacin_by_adsorption_from_water,yes,yes,yes,yes,yes,,C1CC1N2C=C(C(=O)C3=CC(=C(C=C32)N4CCNCC4)F)C(=O)O
"""Vinyl modified aerogel""","""fluoroquinolone""",NaN,NaN,66.1,"""this study""",deepseek-v4-flash (pdf2text),Silica_aerogels_modified_with_vinyl_epoxide_methacrylate_moieties_for_the_removal_of_ciprofloxacin_by_adsorption_from_water,yes,yes,no,no,yes,,
PSS-chitosan membrane,phenol,8,1.0,3.97,[30],deepseek-v4-flash (pdf2text),Sonochemically_Modified_Lapindo_Mud_Using_Sulfuric_Acid_for_Efficient_Adsorption_of_Phenol_in_Aqueous_Media_and_Real_Wastewater_Samples,yes,yes,yes,yes,yes,,
Polyactic acid (PLA-MPs),phenol,NaN,NaN,22.3,[36],deepseek-v4-flash (pdf2text),Sonochemically_Modified_Lapindo_Mud_Using_Sulfuric_Acid_for_Efficient_Adsorption_of_Phenol_in_Aqueous_Media_and_Real_Wastewater_Samples,yes,yes,no,no,yes,,
AL:PVA nanofibres,fluoxetine,NaN,50,78.24,"""Camiré et al.",deepseek-v4-flash (pdf2text),Sorption_Capacities_of_a_Lignin-Based_Electrospun_Nanofibrous_Material_for_Pharmaceutical_Residues_Remediation_in_Water,yes,yes,no,yes,yes,,CNCCC(C1=CC=CC=C1)OC2=CC=C(C=C2)C(F)(F)F
AL:PVA nanofibres,fluoxetine,NaN,12.5,22.85,"""Camiré et al.",deepseek-v4-flash (pdf2text),Sorption_Capacities_of_a_Lignin-Based_Electrospun_Nanofibrous_Material_for_Pharmaceutical_Residues_Remediation_in_Water,yes,yes,no,yes,yes,,CNCCC(C1=CC=CC=C1)OC2=CC=C(C=C2)C(F)(F)F
AL:PVA nanofibres,venlafaxine,NaN,50,49.76,"""Camiré et al.",deepseek-v4-flash (pdf2text),Sorption_Capacities_of_a_Lignin-Based_Electrospun_Nanofibrous_Material_for_Pharmaceutical_Residues_Remediation_in_Water,yes,yes,no,yes,yes,,
AL:PVA nanofibres,venlafaxine,NaN,12.5,11.05,"""Camiré et al.",deepseek-v4-flash (pdf2text),Sorption_Capacities_of_a_Lignin-Based_Electrospun_Nanofibrous_Material_for_Pharmaceutical_Residues_Remediation_in_Water,yes,yes,no,yes,yes,,
AL:PVA nanofibres,carbamazepine,NaN,50,8.04,"""Camiré et al.",deepseek-v4-flash (pdf2text),Sorption_Capacities_of_a_Lignin-Based_Electrospun_Nanofibrous_Material_for_Pharmaceutical_Residues_Remediation_in_Water,yes,yes,no,yes,yes,,C1=CC=C2C(=C1)C=CC3=CC=CC=C3N2C(=O)N
AL:PVA nanofibres,carbamazepine,NaN,12.5,1.02,"""Camiré et al.",deepseek-v4-flash (pdf2text),Sorption_Capacities_of_a_Lignin-Based_Electrospun_Nanofibrous_Material_for_Pharmaceutical_Residues_Remediation_in_Water,yes,yes,no,yes,yes,,C1=CC=C2C(=C1)C=CC3=CC=CC=C3N2C(=O)N
AL:PVA nanofibres,ibuprofen,NaN,50,5.00,"""Camiré et al.",deepseek-v4-flash (pdf2text),Sorption_Capacities_of_a_Lignin-Based_Electrospun_Nanofibrous_Material_for_Pharmaceutical_Residues_Remediation_in_Water,yes,yes,no,yes,yes,,CC(C)CC1=CC=C(C=C1)C(C)C(=O)O
AL:PVA nanofibres,ibuprofen,NaN,12.5,0.62,"""Camiré et al.",deepseek-v4-flash (pdf2text),Sorption_Capacities_of_a_Lignin-Based_Electrospun_Nanofibrous_Material_for_Pharmaceutical_Residues_Remediation_in_Water,yes,yes,no,yes,yes,,CC(C)CC1=CC=C(C=C1)C(C)C(=O)O
chitosan-vanillin,Co(II),4,0.232,0.767,Global NEST Journal,deepseek-v4-flash (pdf2text),Sorption_of_Cobalt_II_Ions_from_Aqueous_Solutions_Using_Chemically_Modified_Chitosan,yes,yes,yes,yes,yes,,
chitosan-vanillin,Co(II),4,1.225,1.774,Global NEST Journal,deepseek-v4-flash (pdf2text),Sorption_of_Cobalt_II_Ions_from_Aqueous_Solutions_Using_Chemically_Modified_Chitosan,yes,yes,yes,yes,yes,,
chitosan-vanillin,Co(II),4,2.246,2.753,Global NEST Journal,deepseek-v4-flash (pdf2text),Sorption_of_Cobalt_II_Ions_from_Aqueous_Solutions_Using_Chemically_Modified_Chitosan,yes,yes,yes,yes,yes,,
chitosan-vanillin,Co(II),4,5.658,4.342,Global NEST Journal,deepseek-v4-flash (pdf2text),Sorption_of_Cobalt_II_Ions_from_Aqueous_Solutions_Using_Chemically_Modified_Chitosan,yes,yes,yes,yes,yes,,
chitosan-vanillin,Co(II),4,10.168,4.831,Global NEST Journal,deepseek-v4-flash (pdf2text),Sorption_of_Cobalt_II_Ions_from_Aqueous_Solutions_Using_Chemically_Modified_Chitosan,yes,yes,yes,yes,yes,,
chitosan-ortho-vanillin,Co(II),4,0.340,0.659,Global NEST Journal,deepseek-v4-flash (pdf2text),Sorption_of_Cobalt_II_Ions_from_Aqueous_Solutions_Using_Chemically_Modified_Chitosan,yes,yes,yes,yes,yes,,
chitosan-ortho-vanillin,Co(II),4,1.358,1.642,Global NEST Journal,deepseek-v4-flash (pdf2text),Sorption_of_Cobalt_II_Ions_from_Aqueous_Solutions_Using_Chemically_Modified_Chitosan,yes,yes,yes,yes,yes,,
chitosan-ortho-vanillin,Co(II),4,2.283,2.716,Global NEST Journal,deepseek-v4-flash (pdf2text),Sorption_of_Cobalt_II_Ions_from_Aqueous_Solutions_Using_Chemically_Modified_Chitosan,yes,yes,yes,yes,yes,,
chitosan-ortho-vanillin,Co(II),4,5.688,4.312,Global NEST Journal,deepseek-v4-flash (pdf2text),Sorption_of_Cobalt_II_Ions_from_Aqueous_Solutions_Using_Chemically_Modified_Chitosan,yes,yes,yes,yes,yes,,
chitosan-ortho-vanillin,Co(II),4,9.630,5.369,Global NEST Journal,deepseek-v4-flash (pdf2text),Sorption_of_Cobalt_II_Ions_from_Aqueous_Solutions_Using_Chemically_Modified_Chitosan,yes,yes,yes,yes,yes,,
chitosan-vanillin,Co(II),4,NaN,5.899,Global NEST Journal,deepseek-v4-flash (pdf2text),Sorption_of_Cobalt_II_Ions_from_Aqueous_Solutions_Using_Chemically_Modified_Chitosan,yes,yes,yes,no,yes,,
chitosan-ortho-vanillin,Co(II),4,NaN,7.651,Global NEST Journal,deepseek-v4-flash (pdf2text),Sorption_of_Cobalt_II_Ions_from_Aqueous_Solutions_Using_Chemically_Modified_Chitosan,yes,yes,yes,no,yes,,
poly(m-aminobenzoic acid),Pt(IV),4,NaN,2362,Öztürk et al. 2020 SN Applied Sciences,deepseek-v4-flash (pdf2text),Sorption_of_PtIV_ions_on_polym-aminobenzoic_acid_chelating_polymer_Equilibrium_kinetic_and_thermodynamic_studies,yes,yes,yes,no,yes,,
poly(m-aminobenzoic acid),Pt(IV),4,10,0.893,Öztürk et al. 2020 SN Applied Sciences,deepseek-v4-flash (pdf2text),Sorption_of_PtIV_ions_on_polym-aminobenzoic_acid_chelating_polymer_Equilibrium_kinetic_and_thermodynamic_studies,yes,yes,yes,yes,yes,,
poly(m-aminobenzoic acid),Pt(IV),4,15,1.157,Öztürk et al. 2020 SN Applied Sciences,deepseek-v4-flash (pdf2text),Sorption_of_PtIV_ions_on_polym-aminobenzoic_acid_chelating_polymer_Equilibrium_kinetic_and_thermodynamic_studies,yes,yes,yes,yes,yes,,
poly(m-aminobenzoic acid),Pt(IV),4,20,1.417,Öztürk et al. 2020 SN Applied Sciences,deepseek-v4-flash (pdf2text),Sorption_of_PtIV_ions_on_polym-aminobenzoic_acid_chelating_polymer_Equilibrium_kinetic_and_thermodynamic_studies,yes,yes,yes,yes,yes,,
poly(m-aminobenzoic acid),Pt(IV),4,30,1.928,Öztürk et al. 2020 SN Applied Sciences,deepseek-v4-flash (pdf2text),Sorption_of_PtIV_ions_on_polym-aminobenzoic_acid_chelating_polymer_Equilibrium_kinetic_and_thermodynamic_studies,yes,yes,yes,yes,yes,,
poly(m-aminobenzoic acid),Pt(IV),4,40,2.082,Öztürk et al. 2020 SN Applied Sciences,deepseek-v4-flash (pdf2text),Sorption_of_PtIV_ions_on_polym-aminobenzoic_acid_chelating_polymer_Equilibrium_kinetic_and_thermodynamic_studies,yes,yes,yes,yes,yes,,
"""Cross-linked chitosan diepoxyoctane beads (CS-DEO)""",Cr (VI),2,500,325.2,Vakili et al. (2018),deepseek-v4-flash (pdf2text),State-of-the-art_modification_mechanistic_insight_and_breakthrough_curve_analysis_of_chitosan_scaffolds_for_sustainable_heavy_metal_adsorbent,yes,yes,yes,yes,yes,,
"""Arginine cross-linked chitosan-carboxymethyl cellulose beads (CS-ag-CM)""",Pb (II),6.5,325,182.5,Manzoor et al. (2019),deepseek-v4-flash (pdf2text),State-of-the-art_modification_mechanistic_insight_and_breakthrough_curve_analysis_of_chitosan_scaffolds_for_sustainable_heavy_metal_adsorbent,yes,yes,yes,yes,yes,,
"""Arginine cross-linked chitosan-carboxymethyl cellulose beads (CS-ag-CM)""",Cd (II),NaN,300,168.5,Manzoor et al. (2019),deepseek-v4-flash (pdf2text),State-of-the-art_modification_mechanistic_insight_and_breakthrough_curve_analysis_of_chitosan_scaffolds_for_sustainable_heavy_metal_adsorbent,yes,yes,no,yes,yes,,
sulfate-crosslinked chitosan (SCC),Cr (VI),6,50,156.85,"""Kahu et al. (2014)""",deepseek-v4-flash (pdf2text),State-of-the-art_modification_mechanistic_insight_and_breakthrough_curve_analysis_of_chitosan_scaffolds_for_sustainable_heavy_metal_adsorbent,yes,yes,yes,yes,yes,,
sulphate cross-linked chitosan (SCC),Zn (II),5,50,21.276,"""Jeyaseelan et al. (2021)""",deepseek-v4-flash (pdf2text),State-of-the-art_modification_mechanistic_insight_and_breakthrough_curve_analysis_of_chitosan_scaffolds_for_sustainable_heavy_metal_adsorbent,yes,yes,yes,yes,yes,,
Sodium tripolyphosphate crosslinked chitosan,Ni (II),6.5,50,52.24,"""Babakhani and Sartaj (2021)""",deepseek-v4-flash (pdf2text),State-of-the-art_modification_mechanistic_insight_and_breakthrough_curve_analysis_of_chitosan_scaffolds_for_sustainable_heavy_metal_adsorbent,yes,yes,yes,yes,yes,,
Sodium tripolyphosphate crosslinked chitosan,Cd (II),NaN,22.5,68.57,"""Babakhani and Sartaj (2021)""",deepseek-v4-flash (pdf2text),State-of-the-art_modification_mechanistic_insight_and_breakthrough_curve_analysis_of_chitosan_scaffolds_for_sustainable_heavy_metal_adsorbent,yes,yes,no,yes,yes,,
Chitosan-pectin gel beads,Cu (II),7,400,169.4,"""Shao et al. (2021)""",deepseek-v4-flash (pdf2text),State-of-the-art_modification_mechanistic_insight_and_breakthrough_curve_analysis_of_chitosan_scaffolds_for_sustainable_heavy_metal_adsorbent,yes,yes,yes,yes,yes,,
Chitosan-pectin gel beads,Cd (II),NaN,350,177.6,"""Shao et al. (2021)""",deepseek-v4-flash (pdf2text),State-of-the-art_modification_mechanistic_insight_and_breakthrough_curve_analysis_of_chitosan_scaffolds_for_sustainable_heavy_metal_adsorbent,yes,yes,no,yes,yes,,
Chitosan-pectin gel beads,Hg (II),NaN,500,208.5,"""Shao et al. (2021)""",deepseek-v4-flash (pdf2text),State-of-the-art_modification_mechanistic_insight_and_breakthrough_curve_analysis_of_chitosan_scaffolds_for_sustainable_heavy_metal_adsorbent,yes,yes,no,yes,yes,,
Chitosan-pectin gel beads,Pb (II),NaN,150,266.5,"""Shao et al. (2021)""",deepseek-v4-flash (pdf2text),State-of-the-art_modification_mechanistic_insight_and_breakthrough_curve_analysis_of_chitosan_scaffolds_for_sustainable_heavy_metal_adsorbent,yes,yes,no,yes,yes,,
5-HMF grafted chitosan (CS-HMF),Cu (II),5,100,133,"""Mone et al. (2020)""",deepseek-v4-flash (pdf2text),State-of-the-art_modification_mechanistic_insight_and_breakthrough_curve_analysis_of_chitosan_scaffolds_for_sustainable_heavy_metal_adsorbent,yes,yes,yes,yes,yes,,
5-HMF grafted chitosan (CS-HMF),Cd (II),NaN,NaN,125,"""Mone et al. (2020)""",deepseek-v4-flash (pdf2text),State-of-the-art_modification_mechanistic_insight_and_breakthrough_curve_analysis_of_chitosan_scaffolds_for_sustainable_heavy_metal_adsorbent,yes,yes,no,no,yes,,
EDTA grafted chitosan,Co (II),7,40,61,"""Zhuang et al. (2021)""",deepseek-v4-flash (pdf2text),State-of-the-art_modification_mechanistic_insight_and_breakthrough_curve_analysis_of_chitosan_scaffolds_for_sustainable_heavy_metal_adsorbent,yes,yes,yes,yes,yes,,
EDTA grafted chitosan,Sr (II),3,NaN,8.8,"""Zhuang et al. (2021)""",deepseek-v4-flash (pdf2text),State-of-the-art_modification_mechanistic_insight_and_breakthrough_curve_analysis_of_chitosan_scaffolds_for_sustainable_heavy_metal_adsorbent,yes,yes,yes,no,yes,,
Poly (N-vinyl imidazole) grafted chitosan,Hg (II),6,300,112.35,"""Labidi et al. (2019)""",deepseek-v4-flash (pdf2text),State-of-the-art_modification_mechanistic_insight_and_breakthrough_curve_analysis_of_chitosan_scaffolds_for_sustainable_heavy_metal_adsorbent,yes,yes,yes,yes,yes,,
Methyl acrylate and tetraethylenepentamine grafted chitosan (MCS-MA-TEPA),Cd (II),5,250,251.22,"""Zhang et al. (2019a)""",deepseek-v4-flash (pdf2text),State-of-the-art_modification_mechanistic_insight_and_breakthrough_curve_analysis_of_chitosan_scaffolds_for_sustainable_heavy_metal_adsorbent,yes,yes,yes,yes,yes,,
Polyacrylic acid grafted chitosan (MCS–PAA),Pb (II),6,100,204.89,"""Hu et al. (2020)""",deepseek-v4-flash (pdf2text),State-of-the-art_modification_mechanistic_insight_and_breakthrough_curve_analysis_of_chitosan_scaffolds_for_sustainable_heavy_metal_adsorbent,yes,yes,yes,yes,yes,,
"""2-Hydroxyethyl methacrylate (HEMA) and 4-Sodium Styrene Sulphonate (SSS) grafted chitosan""",As (V),3-4,60,16.8,"""Vijayasri and Tiwari (2021)""",deepseek-v4-flash (pdf2text),State-of-the-art_modification_mechanistic_insight_and_breakthrough_curve_analysis_of_chitosan_scaffolds_for_sustainable_heavy_metal_adsorbent,yes,yes,yes,yes,yes,,
Lignosulfonate grafted chitosan,Cu (II),6,100,283,"""Mu et al. (2020)""",deepseek-v4-flash (pdf2text),State-of-the-art_modification_mechanistic_insight_and_breakthrough_curve_analysis_of_chitosan_scaffolds_for_sustainable_heavy_metal_adsorbent,yes,yes,yes,yes,yes,,
Lignosulfonate grafted chitosan,Co (II),NaN,NaN,386,"""Mu et al. (2020)""",deepseek-v4-flash (pdf2text),State-of-the-art_modification_mechanistic_insight_and_breakthrough_curve_analysis_of_chitosan_scaffolds_for_sustainable_heavy_metal_adsorbent,yes,yes,no,no,yes,,
Benzothiazole functionalized chitosan,Cu (II),6,200,1439.7,"""Gamal et al. (2021)""",deepseek-v4-flash (pdf2text),State-of-the-art_modification_mechanistic_insight_and_breakthrough_curve_analysis_of_chitosan_scaffolds_for_sustainable_heavy_metal_adsorbent,yes,yes,yes,yes,yes,,
"""Tripolyphosphate crosslinked and salicyldehyde grafted chitosan""",Pb (II),7,100,123.67,"""Hussain et al. (2020)""",deepseek-v4-flash (pdf2text),State-of-the-art_modification_mechanistic_insight_and_breakthrough_curve_analysis_of_chitosan_scaffolds_for_sustainable_heavy_metal_adsorbent,yes,yes,yes,yes,yes,,
"""Tripolyphosphate crosslinked and salicyldehyde grafted chitosan""",Cu (II),NaN,NaN,84.6,"""Hussain et al. (2020)""",deepseek-v4-flash (pdf2text),State-of-the-art_modification_mechanistic_insight_and_breakthrough_curve_analysis_of_chitosan_scaffolds_for_sustainable_heavy_metal_adsorbent,yes,yes,no,no,yes,,
"""Tripolyphosphate crosslinked and salicyldehyde grafted chitosan""",Cd (II),NaN,NaN,63.71,"""Hussain et al. (2020)""",deepseek-v4-flash (pdf2text),State-of-the-art_modification_mechanistic_insight_and_breakthrough_curve_analysis_of_chitosan_scaffolds_for_sustainable_heavy_metal_adsorbent,yes,yes,no,no,yes,,
"""Glutaraldehyde cross-linked chitosan grafted with 8-hydroxyquinoline-2-carbaldehyde (Ch-GA-HQC)""",Pd (II),3,25,340.3,"""Mincke et al. (2019)""",deepseek-v4-flash (pdf2text),State-of-the-art_modification_mechanistic_insight_and_breakthrough_curve_analysis_of_chitosan_scaffolds_for_sustainable_heavy_metal_adsorbent,yes,yes,yes,yes,yes,,
"""Glutaraldehyde cross-linked chitosan grafted with 8-hydroxyquinoline-2-carbaldehyde (Ch-GA-HQC)""",Pt (IV),NaN,NaN,203.9,"""Mincke et al. (2019)""",deepseek-v4-flash (pdf2text),State-of-the-art_modification_mechanistic_insight_and_breakthrough_curve_analysis_of_chitosan_scaffolds_for_sustainable_heavy_metal_adsorbent,yes,yes,no,no,yes,,
Crosslinked chitosan grafted with methyl methacrylate (M-CTS),Cu (II),4,100,192.31,"""Sutirman et al. (2020)""",deepseek-v4-flash (pdf2text),State-of-the-art_modification_mechanistic_insight_and_breakthrough_curve_analysis_of_chitosan_scaffolds_for_sustainable_heavy_metal_adsorbent,yes,yes,yes,yes,yes,,
functionalized chitosan-based adsorbent (CS-PAR),Cu (II),5,600,170.23,"""Wang et al. (2022a)""",deepseek-v4-flash (pdf2text),State-of-the-art_modification_mechanistic_insight_and_breakthrough_curve_analysis_of_chitosan_scaffolds_for_sustainable_heavy_metal_adsorbent,yes,yes,yes,yes,yes,,
Ninhydrin-functionalized chitosan (CS-Ninhydrin),Pb (II),4,550,196,"""Chen et al. (2021)""",deepseek-v4-flash (pdf2text),State-of-the-art_modification_mechanistic_insight_and_breakthrough_curve_analysis_of_chitosan_scaffolds_for_sustainable_heavy_metal_adsorbent,yes,yes,yes,yes,yes,,
Melamine-grafted chitosan (GMCS),Pb (II),5,2072,618.2,"""Ge and Du (2020)""",deepseek-v4-flash (pdf2text),State-of-the-art_modification_mechanistic_insight_and_breakthrough_curve_analysis_of_chitosan_scaffolds_for_sustainable_heavy_metal_adsorbent,yes,yes,yes,yes,yes,,
Melamine-grafted chitosan (GMCS),Hg (II),6,2005.9,490.7,"""Ge and Du (2020)""",deepseek-v4-flash (pdf2text),State-of-the-art_modification_mechanistic_insight_and_breakthrough_curve_analysis_of_chitosan_scaffolds_for_sustainable_heavy_metal_adsorbent,yes,yes,yes,yes,yes,,
chitosan-glutaraldehyde,Direct Blue 71,4,15,125.89,Lopez-Cervantes et al. 2018,deepseek-v4-flash (pdf2text),Study_of_a_fixed-bed_column_in_the_adsorption_of_an_azo_dye_from_an_aqueous_medium_using_a_chitosanglutaraldehyde_biosorbent,yes,yes,yes,yes,yes,,
chitosan-glutaraldehyde,Direct Blue 71,4,30,209.81,Lopez-Cervantes et al. 2018,deepseek-v4-flash (pdf2text),Study_of_a_fixed-bed_column_in_the_adsorption_of_an_azo_dye_from_an_aqueous_medium_using_a_chitosanglutaraldehyde_biosorbent,yes,yes,yes,yes,yes,,
chitosan-glutaraldehyde,Direct Blue 71,4,50,343.59,Lopez-Cervantes et al. 2018,deepseek-v4-flash (pdf2text),Study_of_a_fixed-bed_column_in_the_adsorption_of_an_azo_dye_from_an_aqueous_medium_using_a_chitosanglutaraldehyde_biosorbent,yes,yes,yes,yes,yes,,
chitosan,ethoprophos,5.48,10,8.920,Abdeen and Mohammad 2014 OJOPM,deepseek-v4-flash (pdf2text),Study_of_the_Adsorption_Efficiency_of_an_Eco-Friendly_Carbohydrate_Polymer_for_Contaminated_Aqueous_Solution_by_Organophosphorus_Pesticide,yes,yes,yes,yes,yes,,
chitosan,ethoprophos,5.48,20,19.607,Abdeen and Mohammad 2014 OJOPM,deepseek-v4-flash (pdf2text),Study_of_the_Adsorption_Efficiency_of_an_Eco-Friendly_Carbohydrate_Polymer_for_Contaminated_Aqueous_Solution_by_Organophosphorus_Pesticide,yes,yes,yes,yes,yes,,
chitosan,ethoprophos,5.48,30,28.735,Abdeen and Mohammad 2014 OJOPM,deepseek-v4-flash (pdf2text),Study_of_the_Adsorption_Efficiency_of_an_Eco-Friendly_Carbohydrate_Polymer_for_Contaminated_Aqueous_Solution_by_Organophosphorus_Pesticide,yes,yes,yes,yes,yes,,
chitosan,ethoprophos,5.48,40,39.370,Abdeen and Mohammad 2014 OJOPM,deepseek-v4-flash (pdf2text),Study_of_the_Adsorption_Efficiency_of_an_Eco-Friendly_Carbohydrate_Polymer_for_Contaminated_Aqueous_Solution_by_Organophosphorus_Pesticide,yes,yes,yes,yes,yes,,
chitosan,ethoprophos,5.48,50,49.019,Abdeen and Mohammad 2014 OJOPM,deepseek-v4-flash (pdf2text),Study_of_the_Adsorption_Efficiency_of_an_Eco-Friendly_Carbohydrate_Polymer_for_Contaminated_Aqueous_Solution_by_Organophosphorus_Pesticide,yes,yes,yes,yes,yes,,
chitosan,ethoprophos,5.48,60,54.945,Abdeen and Mohammad 2014 OJOPM,deepseek-v4-flash (pdf2text),Study_of_the_Adsorption_Efficiency_of_an_Eco-Friendly_Carbohydrate_Polymer_for_Contaminated_Aqueous_Solution_by_Organophosphorus_Pesticide,yes,yes,yes,yes,yes,,
PMMA,Pb(II),9,NaN,99.0,10.1371/journal.pone.0245583,deepseek-v4-flash (pdf2text),Study_on_novel_modified_large_mesoporous_silica_FDU-12polymer_matrix_nanocomposites_for_adsorption_of_PbII,yes,yes,yes,no,yes,,[Pb+2]
original PET,Pb(II),5,100,12.92,10.21203/rs.3.rs-5671204/v1,deepseek-v4-flash (pdf2text),Sulfur_modification_of_PET_fibers_and_lead_ion_sorption_from_wastewaters_kinetics_and_isotherms_studies,yes,yes,yes,yes,yes,,[Pb+2]
GMA-PET,Pb(II),5,100,13.16,10.21203/rs.3.rs-5671204/v1,deepseek-v4-flash (pdf2text),Sulfur_modification_of_PET_fibers_and_lead_ion_sorption_from_wastewaters_kinetics_and_isotherms_studies,yes,yes,yes,yes,yes,,[Pb+2]
IDA/GMA-PET,Pb(II),5,100,13.77,10.21203/rs.3.rs-5671204/v1,deepseek-v4-flash (pdf2text),Sulfur_modification_of_PET_fibers_and_lead_ion_sorption_from_wastewaters_kinetics_and_isotherms_studies,yes,yes,yes,yes,yes,,[Pb+2]
IDA-NaOH/GMA-PET,Pb(II),5,100,13.99,10.21203/rs.3.rs-5671204/v1,deepseek-v4-flash (pdf2text),Sulfur_modification_of_PET_fibers_and_lead_ion_sorption_from_wastewaters_kinetics_and_isotherms_studies,yes,yes,yes,yes,yes,,[Pb+2]
IDA-NaOH-CS2/GMA-PET,Pb(II),5,100,20.22,10.21203/rs.3.rs-5671204/v1,deepseek-v4-flash (pdf2text),Sulfur_modification_of_PET_fibers_and_lead_ion_sorption_from_wastewaters_kinetics_and_isotherms_studies,yes,yes,yes,yes,yes,,[Pb+2]
IDA-CS2/GMA-PET,Pb(II),5,100,19.08,10.21203/rs.3.rs-5671204/v1,deepseek-v4-flash (pdf2text),Sulfur_modification_of_PET_fibers_and_lead_ion_sorption_from_wastewaters_kinetics_and_isotherms_studies,yes,yes,yes,yes,yes,,[Pb+2]
IDA-NaOH-CS2/GMA-PET,Pb(II),5,400,94.14,10.21203/rs.3.rs-5671204/v1,deepseek-v4-flash (pdf2text),Sulfur_modification_of_PET_fibers_and_lead_ion_sorption_from_wastewaters_kinetics_and_isotherms_studies,yes,yes,yes,yes,yes,,[Pb+2]
cellulose,phenol,NaN,67.2,NaN,51,deepseek-v4-flash (pdf2text),Sustainable_hybrid_photocatalysts_titania_immobilized_on_carbon_materials_derived_from_renewable_and_biodegradable_resources,yes,yes,no,yes,no,,
microcrystalline cellulose,methylene blue,NaN,NaN,NaN,50,deepseek-v4-flash (pdf2text),Sustainable_hybrid_photocatalysts_titania_immobilized_on_carbon_materials_derived_from_renewable_and_biodegradable_resources,yes,yes,no,no,no,,
cellulose whiskers,methyl orange,NaN,NaN,NaN,52,deepseek-v4-flash (pdf2text),Sustainable_hybrid_photocatalysts_titania_immobilized_on_carbon_materials_derived_from_renewable_and_biodegradable_resources,yes,yes,no,no,no,,
bacterial cellulose,methyl orange,NaN,NaN,NaN,82,deepseek-v4-flash (pdf2text),Sustainable_hybrid_photocatalysts_titania_immobilized_on_carbon_materials_derived_from_renewable_and_biodegradable_resources,yes,yes,no,no,no,,
Ca-alginate/PDA,brilliant green,5.7,8.9,3.4,10.1039/d5ma01333j,deepseek-v4-flash (pdf2text),Sustainable_removal_of_brilliant_green_dye_from_aqueous_media_using_a_calcium_alginatepolydopamine_bio-composite_process_optimization_and_adsorption_mechanism,yes,yes,yes,yes,yes,,
Ca-alginate/PDA,brilliant green,5.7,7.0,6.69,10.1039/d5ma01333j,deepseek-v4-flash (pdf2text),Sustainable_removal_of_brilliant_green_dye_from_aqueous_media_using_a_calcium_alginatepolydopamine_bio-composite_process_optimization_and_adsorption_mechanism,yes,yes,yes,yes,yes,,
Ca-alginate/PDA,brilliant green,5.7,14.6,13.5,10.1039/d5ma01333j,deepseek-v4-flash (pdf2text),Sustainable_removal_of_brilliant_green_dye_from_aqueous_media_using_a_calcium_alginatepolydopamine_bio-composite_process_optimization_and_adsorption_mechanism,yes,yes,yes,yes,yes,,
Ca-alginate/PDA,brilliant green,5.74,14,12.18,10.1039/d5ma01333j,deepseek-v4-flash (pdf2text),Sustainable_removal_of_brilliant_green_dye_from_aqueous_media_using_a_calcium_alginatepolydopamine_bio-composite_process_optimization_and_adsorption_mechanism,yes,yes,yes,yes,yes,,
Ca-alginate/PDA,brilliant green,5.7,7,6.3068,10.1039/d5ma01333j,deepseek-v4-flash (pdf2text),Sustainable_removal_of_brilliant_green_dye_from_aqueous_media_using_a_calcium_alginatepolydopamine_bio-composite_process_optimization_and_adsorption_mechanism,yes,yes,yes,yes,yes,,
Ca-alginate/PDA,brilliant green,3,11,2.02,10.1039/d5ma01333j,deepseek-v4-flash (pdf2text),Sustainable_removal_of_brilliant_green_dye_from_aqueous_media_using_a_calcium_alginatepolydopamine_bio-composite_process_optimization_and_adsorption_mechanism,yes,yes,yes,yes,yes,,
Ca-alginate/PDA,brilliant green,9,11,5.95,10.1039/d5ma01333j,deepseek-v4-flash (pdf2text),Sustainable_removal_of_brilliant_green_dye_from_aqueous_media_using_a_calcium_alginatepolydopamine_bio-composite_process_optimization_and_adsorption_mechanism,yes,yes,yes,yes,yes,,
Ca-alginate/PDA,brilliant green,6,11,2.77,10.1039/d5ma01333j,deepseek-v4-flash (pdf2text),Sustainable_removal_of_brilliant_green_dye_from_aqueous_media_using_a_calcium_alginatepolydopamine_bio-composite_process_optimization_and_adsorption_mechanism,yes,yes,yes,yes,yes,,
Ca-alginate/PDA,brilliant green,3,20,4.67,10.1039/d5ma01333j,deepseek-v4-flash (pdf2text),Sustainable_removal_of_brilliant_green_dye_from_aqueous_media_using_a_calcium_alginatepolydopamine_bio-composite_process_optimization_and_adsorption_mechanism,yes,yes,yes,yes,yes,,
Ca-alginate/PDA,brilliant green,6,20,9.12,10.1039/d5ma01333j,deepseek-v4-flash (pdf2text),Sustainable_removal_of_brilliant_green_dye_from_aqueous_media_using_a_calcium_alginatepolydopamine_bio-composite_process_optimization_and_adsorption_mechanism,yes,yes,yes,yes,yes,,
Ca-alginate/PDA,brilliant green,3,2,0.466,10.1039/d5ma01333j,deepseek-v4-flash (pdf2text),Sustainable_removal_of_brilliant_green_dye_from_aqueous_media_using_a_calcium_alginatepolydopamine_bio-composite_process_optimization_and_adsorption_mechanism,yes,yes,yes,yes,yes,,
Ca-alginate/PDA,brilliant green,6,2,0.140,10.1039/d5ma01333j,deepseek-v4-flash (pdf2text),Sustainable_removal_of_brilliant_green_dye_from_aqueous_media_using_a_calcium_alginatepolydopamine_bio-composite_process_optimization_and_adsorption_mechanism,yes,yes,yes,yes,yes,,
Ca-alginate/PDA,brilliant green,9,20,4.93,10.1039/d5ma01333j,deepseek-v4-flash (pdf2text),Sustainable_removal_of_brilliant_green_dye_from_aqueous_media_using_a_calcium_alginatepolydopamine_bio-composite_process_optimization_and_adsorption_mechanism,yes,yes,yes,yes,yes,,
Ca-alginate/PDA,brilliant green,9,2,0.496,10.1039/d5ma01333j,deepseek-v4-flash (pdf2text),Sustainable_removal_of_brilliant_green_dye_from_aqueous_media_using_a_calcium_alginatepolydopamine_bio-composite_process_optimization_and_adsorption_mechanism,yes,yes,yes,yes,yes,,
PANI,chlorpyrifos,3,200,10.4,Scientific Reports (2024) 14:21116,deepseek-v4-flash (pdf2text),Synergetic_studies_on_the_thermochemical_activation_and_polyaniline_integration_on_the_adsorption_properties_of_natural_coal_for_chlorpyrifos_pesticide_steric_and_energetic_studies,yes,yes,yes,yes,yes,,CCOP(=S)(OCC)OC1=NC(=C(C=C1Cl)Cl)Cl
PANI,chlorpyrifos,9,200,59.2,Scientific Reports (2024) 14:21116,deepseek-v4-flash (pdf2text),Synergetic_studies_on_the_thermochemical_activation_and_polyaniline_integration_on_the_adsorption_properties_of_natural_coal_for_chlorpyrifos_pesticide_steric_and_energetic_studies,yes,yes,yes,yes,yes,,CCOP(=S)(OCC)OC1=NC(=C(C=C1Cl)Cl)Cl
Psy-Ok-poly(AAm) semi-IPN,malachite green,7,10,62.38,10.21203/rs.3.rs-1978091/v1,deepseek-v4-flash (pdf2text),Synergistic_effect_of_bio-inspired_PsylliumOkra_hybrid_backbone_based_hydrogel_using_RSM_optimization_for_efficient_removal_of_toxic_malachite_green_dye_and_sequestration_of_uranium_VI_ions_from_water,yes,yes,yes,yes,yes,,
Polyvinyl alcohol-carboxymethyl cellulose hydrogel,Methylene Blue,NaN,NaN,172.14,54,deepseek-v4-flash (pdf2text),Synergistic_effects_of_graphene_oxide_loading_and_particle_size_in_ice-templated_carboxymethyl_cellulosebased_aerogels_on_dye_removal,yes,yes,no,no,yes,,
Magnetic starch-poly(vinyl alcohol) composite hydrogel,Methylene Blue,NaN,NaN,23.53,75,deepseek-v4-flash (pdf2text),Synergistic_effects_of_graphene_oxide_loading_and_particle_size_in_ice-templated_carboxymethyl_cellulosebased_aerogels_on_dye_removal,yes,yes,no,no,yes,,
RCM chitosan microsphere,citric acid,NaN,NaN,77.014,Ref14,deepseek-v4-flash (pdf2text),Synthesis_adsorption_and_molecular_simulation_study_of_methylamine-modified_hyper-cross-linked_resins_for_efficient_removal_of_citric_acid_from_aqueous_solution,yes,yes,no,no,yes,,
Copolymer A,methylene blue,NaN,NaN,19.346,10.30598//ijcr.2026.14-nat,deepseek-v4-flash (pdf2text),Synthesis_and_Characterization_of_Modified_Chrysophyllum_albidum_Seed_Sodium_Alginate_Copolymers_for_Methylene_Blue_Removal,yes,yes,no,no,yes,,
Copolymer B,methylene blue,NaN,NaN,44.64,10.30598//ijcr.2026.14-nat,deepseek-v4-flash (pdf2text),Synthesis_and_Characterization_of_Modified_Chrysophyllum_albidum_Seed_Sodium_Alginate_Copolymers_for_Methylene_Blue_Removal,yes,yes,no,no,yes,,
poly(MAA-co-AAm),methylene blue,8,NaN,21.92,https://doi.org/10.21203/rs.3.rs-1071501/v1,deepseek-v4-flash (pdf2text),Synthesis_and_Evaluation_of_the_Ability_of_PolyMethacrylic_Acid-co-acrylamidenanoclay_Composite_Hydrogel_in_the_Adsorption_of_Methylene_Blue_Dye,yes,yes,yes,no,yes,,
poly(MAA-co-AAm)/NCC,methylene blue,8,NaN,32.83,https://doi.org/10.21203/rs.3.rs-1071501/v1,deepseek-v4-flash (pdf2text),Synthesis_and_Evaluation_of_the_Ability_of_PolyMethacrylic_Acid-co-acrylamidenanoclay_Composite_Hydrogel_in_the_Adsorption_of_Methylene_Blue_Dye,yes,yes,yes,no,yes,,
poly(MAA-co-AAm),methylene blue,8,10,4.981,https://doi.org/10.21203/rs.3.rs-1071501/v1,deepseek-v4-flash (pdf2text),Synthesis_and_Evaluation_of_the_Ability_of_PolyMethacrylic_Acid-co-acrylamidenanoclay_Composite_Hydrogel_in_the_Adsorption_of_Methylene_Blue_Dye,yes,yes,yes,yes,yes,,
poly(MAA-co-AAm)/NCC,methylene blue,8,10,6.635,https://doi.org/10.21203/rs.3.rs-1071501/v1,deepseek-v4-flash (pdf2text),Synthesis_and_Evaluation_of_the_Ability_of_PolyMethacrylic_Acid-co-acrylamidenanoclay_Composite_Hydrogel_in_the_Adsorption_of_Methylene_Blue_Dye,yes,yes,yes,yes,yes,,
PAA hydrogel,Pb,6,NaN,9.77,10.1038/s41598-017-15642-9,deepseek-v4-flash (pdf2text),Synthesis_and_implication_of_novel_polyacrylic_acidnanosorbent_embedded_hydrogel_composite_for_lead_ion_removal,yes,yes,yes,no,yes,,
MLDH-NH2@PANI,Cr(VI),3,NaN,420.0,Abstract,deepseek-v4-flash (pdf2text),Synthesis_characterization_and_adsorption_performance_of_novel_acidic_calixarene-modified_LDHpolyaniline_nanohybrid_for_efficient_CrVI_removal,yes,yes,yes,no,yes,,
MLDH-NH2@PANI,Cr(VI),3,50,205.2,Kinetic experiment (Qe,deepseek-v4-flash (pdf2text),Synthesis_characterization_and_adsorption_performance_of_novel_acidic_calixarene-modified_LDHpolyaniline_nanohybrid_for_efficient_CrVI_removal,yes,yes,yes,yes,yes,,
chitosan,Malachite green,5.0,20,19.41,10.29081/ChIBA.2025.653,deepseek-v4-flash (pdf2text),SYNTHESIS_CHARACTERIZATION_AND_POTENTIAL_APPLICATION_OF_BIOCOMPOSITE_MATERIAL_BASED_ON_SAWDUST_BIOMASS_FOR_REMOVAL_OF_PERSISTENT_ORGANIC_POLLUTANTS_FROM_AQUEOUS_SOLUTIONS,yes,yes,yes,yes,yes,,
chitosan,Brilliant green,5.6,20,18.83,10.29081/ChIBA.2025.653,deepseek-v4-flash (pdf2text),SYNTHESIS_CHARACTERIZATION_AND_POTENTIAL_APPLICATION_OF_BIOCOMPOSITE_MATERIAL_BASED_ON_SAWDUST_BIOMASS_FOR_REMOVAL_OF_PERSISTENT_ORGANIC_POLLUTANTS_FROM_AQUEOUS_SOLUTIONS,yes,yes,yes,yes,yes,,
chitosan,Ethacridine lactate,7.0,40,38.83,10.29081/ChIBA.2025.653,deepseek-v4-flash (pdf2text),SYNTHESIS_CHARACTERIZATION_AND_POTENTIAL_APPLICATION_OF_BIOCOMPOSITE_MATERIAL_BASED_ON_SAWDUST_BIOMASS_FOR_REMOVAL_OF_PERSISTENT_ORGANIC_POLLUTANTS_FROM_AQUEOUS_SOLUTIONS,yes,yes,yes,yes,yes,,
Polylactide/spent grain,Malachite green,NaN,NaN,1.48,52,deepseek-v4-flash (pdf2text),Synthesis_characterization_and_regeneration_of_an_inorganicorganic_nanocomposite_ZnObiomass_and_its_application_in_the_capture_of_cationic_dye,yes,yes,no,no,yes,,
Pec-PVA/CS,Benzene,NaN,3.9,0.119,10.1039/C8RA02332H,deepseek-v4-flash (pdf2text),Synthesis_characterization_and_sorption_studies_of_aromatic_compounds_by_hydrogels_of_chitosan_blended_with_β-cyclodextrin-_and_PVA-functionalized_pectin,yes,yes,no,yes,yes,,
Pec-PVA/CS,Toluene,NaN,8.3,0.164,10.1039/C8RA02332H,deepseek-v4-flash (pdf2text),Synthesis_characterization_and_sorption_studies_of_aromatic_compounds_by_hydrogels_of_chitosan_blended_with_β-cyclodextrin-_and_PVA-functionalized_pectin,yes,yes,no,yes,yes,,
Pec-PVA/CS,Xylenes,NaN,13.0,0.129,10.1039/C8RA02332H,deepseek-v4-flash (pdf2text),Synthesis_characterization_and_sorption_studies_of_aromatic_compounds_by_hydrogels_of_chitosan_blended_with_β-cyclodextrin-_and_PVA-functionalized_pectin,yes,yes,no,yes,yes,,
Pec-PVA/CS,Pyrene,NaN,0.49,0.026,10.1039/C8RA02332H,deepseek-v4-flash (pdf2text),Synthesis_characterization_and_sorption_studies_of_aromatic_compounds_by_hydrogels_of_chitosan_blended_with_β-cyclodextrin-_and_PVA-functionalized_pectin,yes,yes,no,yes,yes,,
Pec-PVA/CS,B(b)F,NaN,0.11,0.007,10.1039/C8RA02332H,deepseek-v4-flash (pdf2text),Synthesis_characterization_and_sorption_studies_of_aromatic_compounds_by_hydrogels_of_chitosan_blended_with_β-cyclodextrin-_and_PVA-functionalized_pectin,yes,yes,no,yes,yes,,
Pec-PVA/CS,B(a)P,NaN,0.33,0.025,10.1039/C8RA02332H,deepseek-v4-flash (pdf2text),Synthesis_characterization_and_sorption_studies_of_aromatic_compounds_by_hydrogels_of_chitosan_blended_with_β-cyclodextrin-_and_PVA-functionalized_pectin,yes,yes,no,yes,yes,,
Av-cl-poly(AA-ipn-AAm),malachite green,4.5,,97.3,"""Abstract optimal conditions""",deepseek-v4-flash (pdf2text),Synthesis_of_a_biodegradable_interpenetrating_polymer_network_of_Av-cl-polyAA-ipn-AAm_for_malachite_green_dye_removal_kinetics_and_thermodynamic_studies,yes,yes,yes,no,yes,,
Av-cl-poly(AA-ipn-AAm),malachite green,,10,97.1,"""Fig 8 dosage effect""",deepseek-v4-flash (pdf2text),Synthesis_of_a_biodegradable_interpenetrating_polymer_network_of_Av-cl-polyAA-ipn-AAm_for_malachite_green_dye_removal_kinetics_and_thermodynamic_studies,yes,yes,no,yes,yes,,
Av-cl-poly(AA-ipn-AAm),malachite green,,,97.24,"""Fig 10 contact time""",deepseek-v4-flash (pdf2text),Synthesis_of_a_biodegradable_interpenetrating_polymer_network_of_Av-cl-polyAA-ipn-AAm_for_malachite_green_dye_removal_kinetics_and_thermodynamic_studies,yes,yes,no,no,yes,,
Av-cl-poly(AA-ipn-AAm),malachite green,,25,0.56,"""Table 4 pseudo-second qexp""",deepseek-v4-flash (pdf2text),Synthesis_of_a_biodegradable_interpenetrating_polymer_network_of_Av-cl-polyAA-ipn-AAm_for_malachite_green_dye_removal_kinetics_and_thermodynamic_studies,yes,yes,no,yes,yes,,
Av-cl-poly(AA-ipn-AAm),malachite green,,50,0.87,"""Table 4 pseudo-second qexp""",deepseek-v4-flash (pdf2text),Synthesis_of_a_biodegradable_interpenetrating_polymer_network_of_Av-cl-polyAA-ipn-AAm_for_malachite_green_dye_removal_kinetics_and_thermodynamic_studies,yes,yes,no,yes,yes,,
Av-cl-poly(AA-ipn-AAm),malachite green,,75,0.26,"""Table 4 pseudo-second qexp""",deepseek-v4-flash (pdf2text),Synthesis_of_a_biodegradable_interpenetrating_polymer_network_of_Av-cl-polyAA-ipn-AAm_for_malachite_green_dye_removal_kinetics_and_thermodynamic_studies,yes,yes,no,yes,yes,,
PEG,Pb(II),7,NaN,76.3,10.5829/ije.2025.38.02b.07,deepseek-v4-flash (pdf2text),Synthesis_of_Fe3O4SiO2PEG_Nanocomposite_from_Minerals_Sands_Kinetic_Adsorption_Heavy_Metal_Ion_from_Aqueous_Solution,yes,yes,yes,no,yes,,[Pb+2]
PEG,Pb(II),7,30,13.717,10.5829/ije.2025.38.02b.07,deepseek-v4-flash (pdf2text),Synthesis_of_Fe3O4SiO2PEG_Nanocomposite_from_Minerals_Sands_Kinetic_Adsorption_Heavy_Metal_Ion_from_Aqueous_Solution,yes,yes,yes,yes,yes,,[Pb+2]
PEG,Cu(II),7,NaN,45.0,10.5829/ije.2025.38.02b.07,deepseek-v4-flash (pdf2text),Synthesis_of_Fe3O4SiO2PEG_Nanocomposite_from_Minerals_Sands_Kinetic_Adsorption_Heavy_Metal_Ion_from_Aqueous_Solution,yes,yes,yes,no,yes,,
PEG,Cu(II),7,30,37.175,10.5829/ije.2025.38.02b.07,deepseek-v4-flash (pdf2text),Synthesis_of_Fe3O4SiO2PEG_Nanocomposite_from_Minerals_Sands_Kinetic_Adsorption_Heavy_Metal_Ion_from_Aqueous_Solution,yes,yes,yes,yes,yes,,
bacterial cellulose,Li,11.0,NaN,35.45,10.21203/rs.3.rs-580568/v1,deepseek-v4-flash (pdf2text),Synthesis_of_High_Specific_Surface_Lithium_ion_Sieve_Templated_by_Bacterial_Cellulose_for_Selective_Adsorption_of_Li,yes,yes,yes,no,yes,,
polyvinyl alcohol,Cu(II),7,0.2,1.44,10.21203/rs.3.rs-3236672/v1,deepseek-v4-flash (pdf2text),Synthesis_of_magnetic_Fe3O4SiO2_nanoparticles_decorated_with_polyvinyl_alcohol_for_heavy_metal_ion_removal_from_aqueous_solution,yes,yes,yes,yes,yes,,
polyvinyl alcohol,Cd(II),7,0.2,0.93,10.21203/rs.3.rs-3236672/v1,deepseek-v4-flash (pdf2text),Synthesis_of_magnetic_Fe3O4SiO2_nanoparticles_decorated_with_polyvinyl_alcohol_for_heavy_metal_ion_removal_from_aqueous_solution,yes,yes,yes,yes,yes,,[Cd+2]
polyvinyl alcohol,Cu(II),7,NaN,1.48,10.21203/rs.3.rs-3236672/v1,deepseek-v4-flash (pdf2text),Synthesis_of_magnetic_Fe3O4SiO2_nanoparticles_decorated_with_polyvinyl_alcohol_for_heavy_metal_ion_removal_from_aqueous_solution,yes,yes,yes,no,yes,,
polyvinyl alcohol,Cd(II),7,NaN,0.84,10.21203/rs.3.rs-3236672/v1,deepseek-v4-flash (pdf2text),Synthesis_of_magnetic_Fe3O4SiO2_nanoparticles_decorated_with_polyvinyl_alcohol_for_heavy_metal_ion_removal_from_aqueous_solution,yes,yes,yes,no,yes,,[Cd+2]
Cu-BTC/NFC aerogel composite,Congo Red,NaN,11,39,10.1038/s41598-021-97861-9,deepseek-v4-flash (pdf2text),Synthesis_of_nanocellulose_aerogels_and_Cu-BTCnanocellulose_aerogel_composites_for_adsorption_of_organic_dyes_and_heavy_metal_ions,yes,yes,no,yes,yes,,C1=CC=C2C(=C1)C(=CC(=C2N)N=NC3=CC=C(C=C3)C4=CC=C(C=C4)N=NC5=C(C6=CC=CC=C6C(=C5)S(=O)(=O)[O-])N)S(=O)(=O)[O-].[Na+].[Na+]
Cu-BTC/CNC aerogel composite,Congo Red,NaN,NaN,43,10.1038/s41598-021-97861-9,deepseek-v4-flash (pdf2text),Synthesis_of_nanocellulose_aerogels_and_Cu-BTCnanocellulose_aerogel_composites_for_adsorption_of_organic_dyes_and_heavy_metal_ions,yes,yes,no,no,yes,,C1=CC=C2C(=C1)C(=CC(=C2N)N=NC3=CC=C(C=C3)C4=CC=C(C=C4)N=NC5=C(C6=CC=CC=C6C(=C5)S(=O)(=O)[O-])N)S(=O)(=O)[O-].[Na+].[Na+]
CNC aerogel,Congo Red,NaN,NaN,0,10.1038/s41598-021-97861-9,deepseek-v4-flash (pdf2text),Synthesis_of_nanocellulose_aerogels_and_Cu-BTCnanocellulose_aerogel_composites_for_adsorption_of_organic_dyes_and_heavy_metal_ions,yes,yes,no,no,yes,,C1=CC=C2C(=C1)C(=CC(=C2N)N=NC3=CC=C(C=C3)C4=CC=C(C=C4)N=NC5=C(C6=CC=CC=C6C(=C5)S(=O)(=O)[O-])N)S(=O)(=O)[O-].[Na+].[Na+]
MgFe2O4@Schiff base@chitosan,Pb(II),5.5,150,228.1,Table 1,deepseek-v4-flash (pdf2text),Synthesis_of_novel_magnesium_ferrite_Schiff_base_chitosan_nanocomposite_for_efficient_removal_of_pbII_ions_from_aqueous_media,yes,yes,yes,yes,yes,,[Pb+2]
MgFe2O4@Schiff base@chitosan,Pb(II),5.5,NaN,290.7,Table 2,deepseek-v4-flash (pdf2text),Synthesis_of_novel_magnesium_ferrite_Schiff_base_chitosan_nanocomposite_for_efficient_removal_of_pbII_ions_from_aqueous_media,yes,yes,yes,no,yes,,[Pb+2]
"""Chitosan-polyvinyl alcohol/fly ash (m-Cs-PVA/FA)""","""reactive orange 16""","""4.0""","""NaN""","""123.8""","""Malek et al.",deepseek-v4-flash (pdf2text),Synthesis_of_novel_mesoporous_selenium-doped_biochar_with_high-performance_sodium_diclofenac_and_reactive_orange_16_dye_removals,yes,yes,yes,no,yes,,
quaternized magnetic chitosan,methyl orange,4,125,486.13,10.1039/d5ra02862k,deepseek-v4-flash (pdf2text),Synthesis_of_quaternized_magnetic_chitosan_and_adsorption_performance_for_methyl_orange_from_aqueous_solution,yes,yes,yes,yes,yes,,
magnetic chitosan,methyl orange,4,125,431.49,10.1039/d5ra02862k,deepseek-v4-flash (pdf2text),Synthesis_of_quaternized_magnetic_chitosan_and_adsorption_performance_for_methyl_orange_from_aqueous_solution,yes,yes,yes,yes,yes,,
quaternized magnetic chitosan,methyl orange,NaN,50,200.63,10.1039/d5ra02862k,deepseek-v4-flash (pdf2text),Synthesis_of_quaternized_magnetic_chitosan_and_adsorption_performance_for_methyl_orange_from_aqueous_solution,yes,yes,no,yes,yes,,
quaternized magnetic chitosan,methyl orange,NaN,100,386.48,10.1039/d5ra02862k,deepseek-v4-flash (pdf2text),Synthesis_of_quaternized_magnetic_chitosan_and_adsorption_performance_for_methyl_orange_from_aqueous_solution,yes,yes,no,yes,yes,,
quaternized magnetic chitosan,methyl orange,NaN,150,455.34,10.1039/d5ra02862k,deepseek-v4-flash (pdf2text),Synthesis_of_quaternized_magnetic_chitosan_and_adsorption_performance_for_methyl_orange_from_aqueous_solution,yes,yes,no,yes,yes,,
quaternized magnetic chitosan,methyl orange,NaN,NaN,392.16,10.1039/d5ra02862k,deepseek-v4-flash (pdf2text),Synthesis_of_quaternized_magnetic_chitosan_and_adsorption_performance_for_methyl_orange_from_aqueous_solution,yes,yes,no,no,yes,,
alginate,quercetin,7,1000,140.37,"""Synthesis of Quercetin Loaded Nanoparticles Based on Alginate for Pb(II) Adsorption in Aqueous Solution""",deepseek-v4-flash (pdf2text),Synthesis_of_Quercetin_Loaded_Nanoparticles_Based_on_Alginate_for_PbII_Adsorption_in_Aqueous_Solution,yes,yes,yes,yes,yes,,
TEA-GMA-g-PAN,Mo(VI),3.5,70,53.02,Scientific Reports (2024) 14:252,deepseek-v4-flash (pdf2text),Targeted_elimination_of_molybdenum_ions_from_a_leaching_solution_with_the_ability_of_radiated_grafting_GMA-PAN_nanofibers,yes,yes,yes,yes,yes,,
TEA-GMA-g-PAN,Mo(VI),3.2,68.75,50.75,Scientific Reports (2024) 14:252,deepseek-v4-flash (pdf2text),Targeted_elimination_of_molybdenum_ions_from_a_leaching_solution_with_the_ability_of_radiated_grafting_GMA-PAN_nanofibers,yes,yes,yes,yes,yes,,
TEA-GMA-g-PAN,Mo(VI),NaN,50,22.09,Scientific Reports (2024) 14:252,deepseek-v4-flash (pdf2text),Targeted_elimination_of_molybdenum_ions_from_a_leaching_solution_with_the_ability_of_radiated_grafting_GMA-PAN_nanofibers,yes,yes,no,yes,yes,,
TEA-GMA-g-PAN,Mo(VI),NaN,30,32.59,Scientific Reports (2024) 14:252,deepseek-v4-flash (pdf2text),Targeted_elimination_of_molybdenum_ions_from_a_leaching_solution_with_the_ability_of_radiated_grafting_GMA-PAN_nanofibers,yes,yes,no,yes,yes,,
PVA,tetracycline,2,100,12.6,DOI:10.2478/eces-2021-0021,deepseek-v4-flash (pdf2text),Tetracycline_Removal_from_Water_by_Adsorption_on_Geomaterial_Activated_Carbon_and_Clay_Adsorbents,yes,yes,yes,yes,yes,,C[C@@]1([C@H]2C[C@H]3[C@@H](C(=O)C(=C([C@]3(C(=O)C2=C(C4=C1C=CC=C4O)O)O)O)C(=O)N)N(C)C)O
PVA,tetracycline,8,100,7.8,DOI:10.2478/eces-2021-0021,deepseek-v4-flash (pdf2text),Tetracycline_Removal_from_Water_by_Adsorption_on_Geomaterial_Activated_Carbon_and_Clay_Adsorbents,yes,yes,yes,yes,yes,,C[C@@]1([C@H]2C[C@H]3[C@@H](C(=O)C(=C([C@]3(C(=O)C2=C(C4=C1C=CC=C4O)O)O)O)C(=O)N)N(C)C)O
PVA,tetracycline,12,100,9.55,DOI:10.2478/eces-2021-0021,deepseek-v4-flash (pdf2text),Tetracycline_Removal_from_Water_by_Adsorption_on_Geomaterial_Activated_Carbon_and_Clay_Adsorbents,yes,yes,yes,yes,yes,,C[C@@]1([C@H]2C[C@H]3[C@@H](C(=O)C(=C([C@]3(C(=O)C2=C(C4=C1C=CC=C4O)O)O)O)C(=O)N)N(C)C)O
PVA,tetracycline,3,100,8.55,DOI:10.2478/eces-2021-0021,deepseek-v4-flash (pdf2text),Tetracycline_Removal_from_Water_by_Adsorption_on_Geomaterial_Activated_Carbon_and_Clay_Adsorbents,yes,yes,yes,yes,yes,,C[C@@]1([C@H]2C[C@H]3[C@@H](C(=O)C(=C([C@]3(C(=O)C2=C(C4=C1C=CC=C4O)O)O)O)C(=O)N)N(C)C)O
PVA,tetracycline,3,800,75.5,DOI:10.2478/eces-2021-0021,deepseek-v4-flash (pdf2text),Tetracycline_Removal_from_Water_by_Adsorption_on_Geomaterial_Activated_Carbon_and_Clay_Adsorbents,yes,yes,yes,yes,yes,,C[C@@]1([C@H]2C[C@H]3[C@@H](C(=O)C(=C([C@]3(C(=O)C2=C(C4=C1C=CC=C4O)O)O)O)C(=O)N)N(C)C)O
ammonium polymer,nitrate,NaN,361.5,0.8496,"""Rahayu et al. (2025) Ecological Engineering & Environmental Technology 26(3) 54-69""",deepseek-v4-flash (pdf2text),The_adsorption_and_kinetics_studies_of_nitrate_ions_from_bioethanol_wastewater_by_ammonium-based_ion_exchange_polymer,yes,yes,no,yes,yes,,
nylon-gelatin-hematite,NaCl,NaN,NaN,1.708,This work,deepseek-v4-flash (pdf2text),The_Adsorptive_Power_of_NylonGelatinHematite_Composite_Study_on_NaCl_Solution_Adsorption_Through_Equilibrium_Kinetic_and_Thermodynamic_Approach,yes,yes,no,no,yes,,
Gelatin-Pluronic F127-hexagonal hematite,Ibuprofen,NaN,NaN,55,Ref. [8],deepseek-v4-flash (pdf2text),The_Adsorptive_Power_of_NylonGelatinHematite_Composite_Study_on_NaCl_Solution_Adsorption_Through_Equilibrium_Kinetic_and_Thermodynamic_Approach,yes,yes,no,no,yes,,CC(C)CC1=CC=C(C=C1)C(C)C(=O)O
nonwoven polypropylene and polyethylene geotextile,Hg(II),5.5,1,7,Science of the Total Environment 741 (2020) 140411,deepseek-v4-flash (pdf2text),The_biosorption_of_mercury_by_permeable_pavement_biofilms_in_stormwater_attenuation,yes,yes,yes,yes,yes,,
nonwoven polypropylene and polyethylene geotextile,Hg(II),5.5,20,101.31,Science of the Total Environment 741 (2020) 140411,deepseek-v4-flash (pdf2text),The_biosorption_of_mercury_by_permeable_pavement_biofilms_in_stormwater_attenuation,yes,yes,yes,yes,yes,,
MgFe2O4-PANI-NC,Methyl Red,NaN,NaN,98.04,Das and Debnath 2023,deepseek-v4-flash (pdf2text),The_cost_of_removing_pollutants_from_water_using_magnetic_nanoadsorbents,yes,yes,no,no,yes,,
PVA-MH,Cd(II),NaN,NaN,13.8,Karlıdağ et al. 2024,deepseek-v4-flash (pdf2text),The_cost_of_removing_pollutants_from_water_using_magnetic_nanoadsorbents,yes,yes,no,no,yes,,[Cd+2]
poly(methacrylic acid) MIP,bisphenol A,NaN,NaN,491,[75],deepseek-v4-flash (pdf2text),The_Development_of_Molecularly_Imprinted_Polymers_in_the_Clean-Up_of_Water_Pollutants_A_Review,yes,yes,no,no,yes,,
GG/PVA/WO3 (Set 1),Methyl violet,NaN,NaN,0.0375,Table 4,deepseek-v4-flash (pdf2text),The_impact_of_tungsten_oxide_WO3_nanoparticles_embedded_in_Guar_gum_based_hydrogel_for_water_treatment_applications,yes,yes,no,no,yes,,
GG/PVA/WO3 (Set 2),Methyl violet,NaN,NaN,0.0149,Table 4,deepseek-v4-flash (pdf2text),The_impact_of_tungsten_oxide_WO3_nanoparticles_embedded_in_Guar_gum_based_hydrogel_for_water_treatment_applications,yes,yes,no,no,yes,,
GG/PVA/WO3 (Set 3),Methyl violet,NaN,NaN,0.0173,Table 4,deepseek-v4-flash (pdf2text),The_impact_of_tungsten_oxide_WO3_nanoparticles_embedded_in_Guar_gum_based_hydrogel_for_water_treatment_applications,yes,yes,no,no,yes,,
Polydopamine + polysulfone,Cu(II),NaN,NaN,4.5,18,deepseek-v4-flash (pdf2text),The_removal_efficiency_of_emerging_organic_contaminants_heavy_metals_and_dyes_intrinsic_limits_at_low_concentrations,yes,yes,no,no,yes,,
Chitosan + MnFe oxides,As(V),NaN,NaN,27,23,deepseek-v4-flash (pdf2text),The_removal_efficiency_of_emerging_organic_contaminants_heavy_metals_and_dyes_intrinsic_limits_at_low_concentrations,yes,yes,no,no,yes,,
Conducting PPy,Ni,7.0,1,NaN,97,deepseek-v4-flash (pdf2text),The_removal_of_heavy_metal_ions_from_wastewateraqueous_solution_using_polypyrrole-based_adsorbents_a_review,yes,yes,yes,yes,no,,
Conducting PPy,Ni,12.0,100,NaN,100,deepseek-v4-flash (pdf2text),The_removal_of_heavy_metal_ions_from_wastewateraqueous_solution_using_polypyrrole-based_adsorbents_a_review,yes,yes,yes,yes,no,,
Conducting PPy,As(III),NaN,5,NaN,106,deepseek-v4-flash (pdf2text),The_removal_of_heavy_metal_ions_from_wastewateraqueous_solution_using_polypyrrole-based_adsorbents_a_review,yes,yes,no,yes,no,,
PPy particles with acetonitrile,Cd(II),6.6,NaN,71.4,107,deepseek-v4-flash (pdf2text),The_removal_of_heavy_metal_ions_from_wastewateraqueous_solution_using_polypyrrole-based_adsorbents_a_review,yes,yes,yes,no,yes,,[Cd+2]
PPy particles with acetonitrile,Co(II),6.6,NaN,70.04,107,deepseek-v4-flash (pdf2text),The_removal_of_heavy_metal_ions_from_wastewateraqueous_solution_using_polypyrrole-based_adsorbents_a_review,yes,yes,yes,no,yes,,
PPy–PVP,Cd(II),5,62.36,NaN,108,deepseek-v4-flash (pdf2text),The_removal_of_heavy_metal_ions_from_wastewateraqueous_solution_using_polypyrrole-based_adsorbents_a_review,yes,yes,yes,yes,no,,[Cd+2]
PPy–PVA,Cd(II),5,62.36,NaN,108,deepseek-v4-flash (pdf2text),The_removal_of_heavy_metal_ions_from_wastewateraqueous_solution_using_polypyrrole-based_adsorbents_a_review,yes,yes,yes,yes,no,,[Cd+2]
PPy–SD,Zn(II),3.0,100,NaN,62,deepseek-v4-flash (pdf2text),The_removal_of_heavy_metal_ions_from_wastewateraqueous_solution_using_polypyrrole-based_adsorbents_a_review,yes,yes,yes,yes,no,,
PPy–SD,Cr(VI),5.0,100,3.4,109,deepseek-v4-flash (pdf2text),The_removal_of_heavy_metal_ions_from_wastewateraqueous_solution_using_polypyrrole-based_adsorbents_a_review,yes,yes,yes,yes,yes,,
Polypyrrole functionalized chitin,Cr(VI),4.8,50,NaN,110,deepseek-v4-flash (pdf2text),The_removal_of_heavy_metal_ions_from_wastewateraqueous_solution_using_polypyrrole-based_adsorbents_a_review,yes,yes,yes,yes,no,,
PPy-g-chitin,Pb(II),6.0,10,9.14,58,deepseek-v4-flash (pdf2text),The_removal_of_heavy_metal_ions_from_wastewateraqueous_solution_using_polypyrrole-based_adsorbents_a_review,yes,yes,yes,yes,yes,,[Pb+2]
PPy-g-chitin,Cd(II),6.0,10,6.49,58,deepseek-v4-flash (pdf2text),The_removal_of_heavy_metal_ions_from_wastewateraqueous_solution_using_polypyrrole-based_adsorbents_a_review,yes,yes,yes,yes,yes,,[Cd+2]
PPy-glycine doped composites,Cr(VI),2.0,NaN,217,38,deepseek-v4-flash (pdf2text),The_removal_of_heavy_metal_ions_from_wastewateraqueous_solution_using_polypyrrole-based_adsorbents_a_review,yes,yes,yes,no,yes,,
Bamboo-like PPy nanotubes,Cr(VI),2.0,NaN,482.6,114,deepseek-v4-flash (pdf2text),The_removal_of_heavy_metal_ions_from_wastewateraqueous_solution_using_polypyrrole-based_adsorbents_a_review,yes,yes,yes,no,yes,,
PANI–PPy copolymer,Co(II),7.0,100,NaN,9,deepseek-v4-flash (pdf2text),The_removal_of_heavy_metal_ions_from_wastewateraqueous_solution_using_polypyrrole-based_adsorbents_a_review,yes,yes,yes,yes,no,,
PPy/g-Fe2O3,Cr(VI),2.0,NaN,209,118,deepseek-v4-flash (pdf2text),The_removal_of_heavy_metal_ions_from_wastewateraqueous_solution_using_polypyrrole-based_adsorbents_a_review,yes,yes,yes,no,yes,,
PPy/g-Fe2O3,Cu(II),5.5,NaN,171,118,deepseek-v4-flash (pdf2text),The_removal_of_heavy_metal_ions_from_wastewateraqueous_solution_using_polypyrrole-based_adsorbents_a_review,yes,yes,yes,no,yes,,
PPy-OMMTNC,Cr(VI),2.0,NaN,119.34,123,deepseek-v4-flash (pdf2text),The_removal_of_heavy_metal_ions_from_wastewateraqueous_solution_using_polypyrrole-based_adsorbents_a_review,yes,yes,yes,no,yes,,
PPy/SH-beta/MCM-41,Hg(II),8.0,400,157.43,49,deepseek-v4-flash (pdf2text),The_removal_of_heavy_metal_ions_from_wastewateraqueous_solution_using_polypyrrole-based_adsorbents_a_review,yes,yes,yes,yes,yes,,
PANI/PPy/HMS,Cd(II),8.0,50,384.61,129,deepseek-v4-flash (pdf2text),The_removal_of_heavy_metal_ions_from_wastewateraqueous_solution_using_polypyrrole-based_adsorbents_a_review,yes,yes,yes,yes,yes,,[Cd+2]
Hierarchical porous PPy-nanoclusters,Cr(VI),5.0,NaN,3.47,2,deepseek-v4-flash (pdf2text),The_removal_of_heavy_metal_ions_from_wastewateraqueous_solution_using_polypyrrole-based_adsorbents_a_review,yes,yes,yes,no,yes,,
PPy–SD,Cr(VI),NaN,328,NaN,62,deepseek-v4-flash (pdf2text),The_removal_of_heavy_metal_ions_from_wastewateraqueous_solution_using_polypyrrole-based_adsorbents_a_review,yes,yes,no,yes,no,,
PPy–SD,Ni,NaN,32.5,NaN,62,deepseek-v4-flash (pdf2text),The_removal_of_heavy_metal_ions_from_wastewateraqueous_solution_using_polypyrrole-based_adsorbents_a_review,yes,yes,no,yes,no,,
PPy–SD,Zn(II),NaN,15.2,NaN,62,deepseek-v4-flash (pdf2text),The_removal_of_heavy_metal_ions_from_wastewateraqueous_solution_using_polypyrrole-based_adsorbents_a_review,yes,yes,no,yes,no,,
"""Chitosan-modified flax shive""","""Reactive Red 228""",NaN,10,8.87,"""Feng et al. 2012""",deepseek-v4-flash (pdf2text),The_removal_of_Reactive_Red_228_dye_from_aqueous_solutions_by_chitosan-modified_flax_shive,yes,yes,no,yes,yes,,
"""Chitosan-modified flax shive""","""Reactive Red 228""",NaN,20,11.38,"""Feng et al. 2012""",deepseek-v4-flash (pdf2text),The_removal_of_Reactive_Red_228_dye_from_aqueous_solutions_by_chitosan-modified_flax_shive,yes,yes,no,yes,yes,,
"""Chitosan-modified flax shive""","""Reactive Red 228""",NaN,30,12.88,"""Feng et al. 2012""",deepseek-v4-flash (pdf2text),The_removal_of_Reactive_Red_228_dye_from_aqueous_solutions_by_chitosan-modified_flax_shive,yes,yes,no,yes,yes,,
"""Chitosan-modified flax shive""","""Reactive Red 228""",NaN,40,13.99,"""Feng et al. 2012""",deepseek-v4-flash (pdf2text),The_removal_of_Reactive_Red_228_dye_from_aqueous_solutions_by_chitosan-modified_flax_shive,yes,yes,no,yes,yes,,
poly(acrylic acid) hydrogel beads,Pb(II),6.3,NaN,113.43,20,deepseek-v4-flash (pdf2text),The_Use_of_Acrylic-Based_Polymers_in_Environmental_Remediation_Studies,yes,yes,yes,no,yes,,[Pb+2]
n-butyl acrylate-grafted chitosan,Cr(VI),3.5,20,17.15,47,deepseek-v4-flash (pdf2text),The_Use_of_Acrylic-Based_Polymers_in_Environmental_Remediation_Studies,yes,yes,yes,yes,yes,,
sodium alginate-graft-poly(methyl methacrylate) (Alg-g-PMMA) beads,Pb(II),4.0,NaN,526,43,deepseek-v4-flash (pdf2text),The_Use_of_Acrylic-Based_Polymers_in_Environmental_Remediation_Studies,yes,yes,yes,no,yes,,[Pb+2]
Cellulose and Paper Sludge,Methyl Orange,8,50,20.53,Chaukura; Murimba; Gwenzi (2016),deepseek-v4-flash (pdf2text),Use_of_biochar_in_dye_adsorption_A_systematic_review,yes,yes,yes,yes,yes,,
carboxymethyl cellulose- acrylic acid,Methyl orange,NaN,NaN,84.2,42,deepseek-v4-flash (pdf2text),Use_of_Cellulosic_Materials_as_Dye_Adsorbents_A_Prospective_Study,yes,yes,no,no,yes,,
carboxymethyl cellulose- acrylic acid,Disperse blue,7.0,NaN,79.6,42,deepseek-v4-flash (pdf2text),Use_of_Cellulosic_Materials_as_Dye_Adsorbents_A_Prospective_Study,yes,yes,yes,no,yes,,
carboxymethyl cellulose- acrylic acid,Malachite green chloride,9.0,NaN,99.9,42,deepseek-v4-flash (pdf2text),Use_of_Cellulosic_Materials_as_Dye_Adsorbents_A_Prospective_Study,yes,yes,yes,no,yes,,
partially hydrolyzed polyacrylamide/cellulose nanocrystal,Methylene blue,5.0,NaN,326.08,43,deepseek-v4-flash (pdf2text),Use_of_Cellulosic_Materials_as_Dye_Adsorbents_A_Prospective_Study,yes,yes,yes,no,yes,,
Cellulose Agricultural Wastes,Violet B,11,NaN,96,44,deepseek-v4-flash (pdf2text),Use_of_Cellulosic_Materials_as_Dye_Adsorbents_A_Prospective_Study,yes,yes,yes,no,yes,,
IPN Hydrogels based Carboxymethyl Cellulose,Basic fuchsin,7,NaN,2.249,46,deepseek-v4-flash (pdf2text),Use_of_Cellulosic_Materials_as_Dye_Adsorbents_A_Prospective_Study,yes,yes,yes,no,yes,,
IPN Hydrogels based Carboxymethyl Cellulose,Methyl violet,NaN,NaN,1.723,46,deepseek-v4-flash (pdf2text),Use_of_Cellulosic_Materials_as_Dye_Adsorbents_A_Prospective_Study,yes,yes,no,no,yes,,
Bacterial Cellulose,Direct blue 71,3,NaN,25.15,48,deepseek-v4-flash (pdf2text),Use_of_Cellulosic_Materials_as_Dye_Adsorbents_A_Prospective_Study,yes,yes,yes,no,yes,,
Plant Cellulose,Direct blue 71,NaN,NaN,22.00,48,deepseek-v4-flash (pdf2text),Use_of_Cellulosic_Materials_as_Dye_Adsorbents_A_Prospective_Study,yes,yes,no,no,yes,,
Cellulose modified with quaternary ammonium groups,Reactive red 228,3,NaN,190.00,49,deepseek-v4-flash (pdf2text),Use_of_Cellulosic_Materials_as_Dye_Adsorbents_A_Prospective_Study,yes,yes,yes,no,yes,,
Cellulose modified with aminoethanethiol,Reactive red 2,NaN,NaN,78.00,12,deepseek-v4-flash (pdf2text),Use_of_Cellulosic_Materials_as_Dye_Adsorbents_A_Prospective_Study,yes,yes,no,no,yes,,
Cellulose modified with aminoethanethiol,Reactive red 2,9,NaN,26.00,12,deepseek-v4-flash (pdf2text),Use_of_Cellulosic_Materials_as_Dye_Adsorbents_A_Prospective_Study,yes,yes,yes,no,yes,,
Surface quaternized cellulose,Congo red,NaN,NaN,664.00,50,deepseek-v4-flash (pdf2text),Use_of_Cellulosic_Materials_as_Dye_Adsorbents_A_Prospective_Study,yes,yes,no,no,yes,,C1=CC=C2C(=C1)C(=CC(=C2N)N=NC3=CC=C(C=C3)C4=CC=C(C=C4)N=NC5=C(C6=CC=CC=C6C(=C5)S(=O)(=O)[O-])N)S(=O)(=O)[O-].[Na+].[Na+]
Surface quaternized cellulose,Acid green 25,NaN,NaN,683.00,50,deepseek-v4-flash (pdf2text),Use_of_Cellulosic_Materials_as_Dye_Adsorbents_A_Prospective_Study,yes,yes,no,no,yes,,
Cellulose-based multicarboxyl adsorbent,Malachite green,6,NaN,458.72,51,deepseek-v4-flash (pdf2text),Use_of_Cellulosic_Materials_as_Dye_Adsorbents_A_Prospective_Study,yes,yes,yes,no,yes,,
Cellulose-based multicarboxyl adsorbent,Basic fuchsine,6.5,NaN,458.76,51,deepseek-v4-flash (pdf2text),Use_of_Cellulosic_Materials_as_Dye_Adsorbents_A_Prospective_Study,yes,yes,yes,no,yes,,
Nano-cellulose hybrid,Yellow B-4RFN,7,NaN,16.61,29,deepseek-v4-flash (pdf2text),Use_of_Cellulosic_Materials_as_Dye_Adsorbents_A_Prospective_Study,yes,yes,yes,no,yes,,
Nano-cellulose hybrid,Blue B-RN,NaN,NaN,14.40,29,deepseek-v4-flash (pdf2text),Use_of_Cellulosic_Materials_as_Dye_Adsorbents_A_Prospective_Study,yes,yes,no,no,yes,,
Magnetic cellulose beads,Methyl orange,NaN,NaN,0.045,53,deepseek-v4-flash (pdf2text),Use_of_Cellulosic_Materials_as_Dye_Adsorbents_A_Prospective_Study,yes,yes,no,no,yes,,
Magnetic cellulose beads,Methylene blue,NaN,NaN,0.030,53,deepseek-v4-flash (pdf2text),Use_of_Cellulosic_Materials_as_Dye_Adsorbents_A_Prospective_Study,yes,yes,no,no,yes,,
Modified cellulose with triazine derivatives,Reactive blue BF-RN,7,NaN,20.00,30,deepseek-v4-flash (pdf2text),Use_of_Cellulosic_Materials_as_Dye_Adsorbents_A_Prospective_Study,yes,yes,yes,no,yes,,
Unmodified cellulose,Reactive blue BF-RN,NaN,NaN,9.00,30,deepseek-v4-flash (pdf2text),Use_of_Cellulosic_Materials_as_Dye_Adsorbents_A_Prospective_Study,yes,yes,no,no,yes,,
chitosan,methylene blue,6.2,20,14.02,Priyanga et al. 2026,deepseek-v4-flash (pdf2text),Using_chitosan_made_from_modified_chitosan_Crab_shells_for_dye_adsorption_equilibrium_kinetic_and_response_surface_methods,yes,yes,yes,yes,yes,,
chitosan,methylene blue,6.2,40,21.08,Priyanga et al. 2026,deepseek-v4-flash (pdf2text),Using_chitosan_made_from_modified_chitosan_Crab_shells_for_dye_adsorption_equilibrium_kinetic_and_response_surface_methods,yes,yes,yes,yes,yes,,
chitosan,methylene blue,6.2,60,17.48,Priyanga et al. 2026,deepseek-v4-flash (pdf2text),Using_chitosan_made_from_modified_chitosan_Crab_shells_for_dye_adsorption_equilibrium_kinetic_and_response_surface_methods,yes,yes,yes,yes,yes,,
chitosan,methylene blue,5.8,NaN,16.07,Priyanga et al. 2026,deepseek-v4-flash (pdf2text),Using_chitosan_made_from_modified_chitosan_Crab_shells_for_dye_adsorption_equilibrium_kinetic_and_response_surface_methods,yes,yes,yes,no,yes,,
chitosan,methylene blue,6.2,NaN,13.81,Priyanga et al. 2026,deepseek-v4-flash (pdf2text),Using_chitosan_made_from_modified_chitosan_Crab_shells_for_dye_adsorption_equilibrium_kinetic_and_response_surface_methods,yes,yes,yes,no,yes,,
chitosan,methylene blue,7.8,NaN,13.87,Priyanga et al. 2026,deepseek-v4-flash (pdf2text),Using_chitosan_made_from_modified_chitosan_Crab_shells_for_dye_adsorption_equilibrium_kinetic_and_response_surface_methods,yes,yes,yes,no,yes,,
chitosan,methylene blue,5.2,NaN,15.86,Priyanga et al. 2026,deepseek-v4-flash (pdf2text),Using_chitosan_made_from_modified_chitosan_Crab_shells_for_dye_adsorption_equilibrium_kinetic_and_response_surface_methods,yes,yes,yes,no,yes,,
chitosan,methylene blue,7.2,NaN,16.19,Priyanga et al. 2026,deepseek-v4-flash (pdf2text),Using_chitosan_made_from_modified_chitosan_Crab_shells_for_dye_adsorption_equilibrium_kinetic_and_response_surface_methods,yes,yes,yes,no,yes,,
chitosan,methylene blue,NaN,40,21.2,Priyanga et al. 2026,deepseek-v4-flash (pdf2text),Using_chitosan_made_from_modified_chitosan_Crab_shells_for_dye_adsorption_equilibrium_kinetic_and_response_surface_methods,yes,yes,no,yes,yes,,
Cellulose,phenol,NaN,30.082,15.208,This study,deepseek-v4-flash (pdf2text),Variation_of_M2_Ni_and_Zn_in_Cellulose-based_M2Cr_Composite_Materials_to_Determine_Adsorption_and_Regeneration_Abilities_on_Phenol_Removal,yes,yes,no,yes,yes,,
Agarose beads embedded-chitosan,IgG,NaN,NaN,71.4,"""Sun",deepseek-v4-flash (pdf2text),Versatile_polymeric_cryogels_and_their_biomedical_applications,yes,yes,no,no,yes,,
poly(HEMA-VPBA),IgG,8.0,NaN,0.13,"""Saylan",deepseek-v4-flash (pdf2text),Versatile_polymeric_cryogels_and_their_biomedical_applications,yes,yes,yes,no,yes,,
"""acrylamide","MBAAm""","""Albumin",serotransferrin,"globulins""",NaN,deepseek-v4-flash (pdf2text),Versatile_polymeric_cryogels_and_their_biomedical_applications,yes,yes,yes,yes,yes,,
poly-acrylamide-expanded perlite,UO2^2+,NaN,NaN,0.66,[40],deepseek-v4-flash (pdf2text),Volcanic_Glass_and_its_Uses_as_Adsorbent,yes,yes,no,no,yes,,
poly-2-hydroxyethylmethacrylate-expanded perlite,UO2^2+,NaN,NaN,0.29,[41],deepseek-v4-flash (pdf2text),Volcanic_Glass_and_its_Uses_as_Adsorbent,yes,yes,no,no,yes,,
Chitosan-coated perlite,Ostazin black,NaN,NaN,0.03,[54],deepseek-v4-flash (pdf2text),Volcanic_Glass_and_its_Uses_as_Adsorbent,yes,yes,no,no,yes,,
Chitosan-coated perlite,Phenol,NaN,NaN,2.04,[64],deepseek-v4-flash (pdf2text),Volcanic_Glass_and_its_Uses_as_Adsorbent,yes,yes,no,no,yes,,
Chitosan-coated perlite,2-chlorophenol,NaN,NaN,2.04,[64],deepseek-v4-flash (pdf2text),Volcanic_Glass_and_its_Uses_as_Adsorbent,yes,yes,no,no,yes,,
Chitosan-coated perlite,4-chlorophenol,NaN,NaN,2.50,[64],deepseek-v4-flash (pdf2text),Volcanic_Glass_and_its_Uses_as_Adsorbent,yes,yes,no,no,yes,,
poly-acrylamide-expanded perlite,208Tl,NaN,NaN,0.4,[42],deepseek-v4-flash (pdf2text),Volcanic_Glass_and_its_Uses_as_Adsorbent,yes,yes,no,no,yes,,
poly-acrylamide-expanded perlite,212Pb,NaN,NaN,0.3,[42],deepseek-v4-flash (pdf2text),Volcanic_Glass_and_its_Uses_as_Adsorbent,yes,yes,no,no,yes,,
poly-acrylamide-expanded perlite,212Bi,NaN,NaN,0.3,[42],deepseek-v4-flash (pdf2text),Volcanic_Glass_and_its_Uses_as_Adsorbent,yes,yes,no,no,yes,,
poly-acrylamide-expanded perlite,228Ac,NaN,NaN,0.1,[42],deepseek-v4-flash (pdf2text),Volcanic_Glass_and_its_Uses_as_Adsorbent,yes,yes,no,no,yes,,
poly-acrylamide-expanded perlite,226Ra,NaN,NaN,0.04,[42],deepseek-v4-flash (pdf2text),Volcanic_Glass_and_its_Uses_as_Adsorbent,yes,yes,no,no,yes,,
Chitosan-modified AC,Methyl orange,NaN,NaN,168,[74],deepseek-v4-flash (pdf2text),Walnut-shell-derived_porous_carbon_for_efficient_room-temperature_adsorption_of_organic_dyes,yes,yes,no,no,yes,,
Chitosan-added watermelon pulp,Congo red,NaN,NaN,490.1,[36],deepseek-v4-flash (pdf2text),Walnut-shell-derived_porous_carbon_for_efficient_room-temperature_adsorption_of_organic_dyes,yes,yes,no,no,yes,,C1=CC=C2C(=C1)C(=CC(=C2N)N=NC3=CC=C(C=C3)C4=CC=C(C=C4)N=NC5=C(C6=CC=CC=C6C(=C5)S(=O)(=O)[O-])N)S(=O)(=O)[O-].[Na+].[Na+]
WMR chitosan functionalized,Cu(II),6,NaN,49.14,Bamisaye et al. (2024),deepseek-v4-flash (pdf2text),Watermelon_rind_based_adsorbents_for_the_removal_of_water_pollutants_a_critical_review,yes,yes,yes,no,yes,,
calcium alginate,methylene blue,NaN,NaN,181.81,53,deepseek-v4-flash (pdf2text),Yolkshell_structured_magnetic_mesoporous_silica_a_novel_and_highly_efficient_adsorbent_for_removal_of_methylene_blue,yes,yes,no,no,yes,,
hydrolyzed polyacrylamide grafted xanthan gum,methylene blue,NaN,30,497.5,57,deepseek-v4-flash (pdf2text),Yolkshell_structured_magnetic_mesoporous_silica_a_novel_and_highly_efficient_adsorbent_for_removal_of_methylene_blue,yes,yes,no,yes,yes,,
Chitosan/TiFe-LDH,Cd(II),8.5,NaN,98,"""(Mahmoud et al.",deepseek-v4-flash (pdf2text),ZnAl-Humic_Acid_Composite_as_Adsorbent_of_CadmiumII_From_Aqueous_Solution,yes,yes,yes,no,yes,,[Cd+2]
Lignin-chitosan blend,Methylene blue,7.0,10,13.5,,gemma4:26b (pdf2text),Activated_lignin-chitosan_extruded_blends_for_efficient_adsorption_of_methylene_blue,yes,yes,yes,yes,yes,,
Lignin-chitosan blend,Methylene blue,7.0,20,30.4,,gemma4:26b (pdf2text),Activated_lignin-chitosan_extruded_blends_for_efficient_adsorption_of_methylene_blue,yes,yes,yes,yes,yes,,
Lignin-chitosan blend,Methylene blue,7.0,50,85.3,,gemma4:26b (pdf2text),Activated_lignin-chitosan_extruded_blends_for_efficient_adsorption_of_methylene_blue,yes,yes,yes,yes,yes,,
Lignin-chitosan blend,Methylene blue,7.0,100,156.2,,gemma4:26b (pdf2text),Activated_lignin-chitosan_extruded_blends_for_efficient_adsorption_of_methylene_blue,yes,yes,yes,yes,yes,,
*   **Polymers:** Polystyrene (PS),functionalized Graphene Oxide (fGO),and Polypyrrole (PPy).,,,,gemma4:26b (pdf2text),Advanced_Adsorbent_Materials_Electrospun_PSfGOPPy_Membranes_for_Efficient_Dye_Removal_from_Aqueous_Media,yes,yes,yes,no,no,,
Bacterial Cellulose Aerogel,Methylene Blue,7.0,50,24.5,,gemma4:26b (pdf2text),Bacterial_Cellulose_Aerogels_Derived_from_Pineapple_Peel_Waste_for_the_Adsorption_of_Dyes,yes,yes,yes,yes,yes,,
Bacterial Cellulose Aerogel,Methyl Orange,7.0,50,15.1,,gemma4:26b (pdf2text),Bacterial_Cellulose_Aerogels_Derived_from_Pineapple_Peel_Waste_for_the_Adsorption_of_Dyes,yes,yes,yes,yes,yes,,
CS/PVA sponge,Diclofenac,3.0,10,2.42,,gemma4:26b (pdf2text),Biosynthesis_approach_of_zinc_oxide_nanoparticles_for_aqueous_phosphorous_removal_physicochemical_properties_and_antibacterial_activities,yes,yes,yes,yes,yes,,C1=CC=C(C(=C1)CC(=O)O)NC2=C(C=CC=C2Cl)Cl
CS/PVA sponge,Diclofenac,3.0,20,4.35,,gemma4:26b (pdf2text),Biosynthesis_approach_of_zinc_oxide_nanoparticles_for_aqueous_phosphorous_removal_physicochemical_properties_and_antibacterial_activities,yes,yes,yes,yes,yes,,C1=CC=C(C(=C1)CC(=O)O)NC2=C(C=CC=C2Cl)Cl
CS/PVA sponge,Diclofenac,3.0,50,7.82,,gemma4:26b (pdf2text),Biosynthesis_approach_of_zinc_oxide_nanoparticles_for_aqueous_phosphorous_removal_physicochemical_properties_and_antibacterial_activities,yes,yes,yes,yes,yes,,C1=CC=C(C(=C1)CC(=O)O)NC2=C(C=CC=C2Cl)Cl
CS/PVA sponge,Diclofenac,3.0,100,11.45,,gemma4:26b (pdf2text),Biosynthesis_approach_of_zinc_oxide_nanoparticles_for_aqueous_phosphorous_removal_physicochemical_properties_and_antibacterial_activities,yes,yes,yes,yes,yes,,C1=CC=C(C(=C1)CC(=O)O)NC2=C(C=CC=C2Cl)Cl
Chitosan,Pb(II),5.0,10,15.2,,gemma4:26b (pdf2text),Comparative_Review_of_Different_Adsorption_Techniques_Used_in_Heavy_Metals_Removal_in_Water,yes,yes,yes,yes,yes,,[Pb+2]
**Polymers (Adsorbents):** Chitosan,Biochar,Activated Carbon,,,,gemma4:26b (pdf2text),Comparative_Review_of_Different_Adsorption_Techniques_Used_in_Heavy_Metals_Removal_in_Water,yes,yes,yes,no,no,,
poly(acrylamide-co-maleic acid),Diclofenac,4.0,50,128.5,,gemma4:26b (pdf2text),Green_wastewater_treatment_of_repurposed_COVID-19_therapy_levofloxacin_using_synthesized_magnetite_pectin_nanoparticles_comparison_with_mesoporous_silica_nanoparticles,yes,yes,yes,yes,yes,,C1=CC=C(C(=C1)CC(=O)O)NC2=C(C=CC=C2Cl)Cl
poly(acrylamide-co-maleic acid),Ibuprofen,4.0,50,44.2,,gemma4:26b (pdf2text),Green_wastewater_treatment_of_repurposed_COVID-19_therapy_levofloxacin_using_synthesized_magnetite_pectin_nanoparticles_comparison_with_mesoporous_silica_nanoparticles,yes,yes,yes,yes,yes,,CC(C)CC1=CC=C(C=C1)C(C)C(=O)O
poly(acrylamide-co-maleic acid),Diclofenac,4.0,100,112.3,,gemma4:26b (pdf2text),Green_wastewater_treatment_of_repurposed_COVID-19_therapy_levofloxacin_using_synthesized_magnetite_pectin_nanoparticles_comparison_with_mesoporous_silica_nanoparticles,yes,yes,yes,yes,yes,,C1=CC=C(C(=C1)CC(=O)O)NC2=C(C=CC=C2Cl)Cl
poly(acrylamide-co-maleic acid),Diclofenac,4.0,150,98.7,,gemma4:26b (pdf2text),Green_wastewater_treatment_of_repurposed_COVID-19_therapy_levofloxacin_using_synthesized_magnetite_pectin_nanoparticles_comparison_with_mesoporous_silica_nanoparticles,yes,yes,yes,yes,yes,,C1=CC=C(C(=C1)CC(=O)O)NC2=C(C=CC=C2Cl)Cl
Polyaniline,Methyl Orange,3,50,46.43,,gemma4:26b (pdf2text),High_Removal_Efficiency_of_Methyl_Orange_Dye_by_Pure_and_Cu_N_Doped_TiO2Polyaniline_Nanocomposites,yes,yes,yes,yes,yes,,
*   **Polymer:** Polyimine-based porous organic polymer (synthesized from 1,3,5-tris(4-aminophenyl)benzene and terephthalaldehyde),,,,gemma4:26b (pdf2text),Loading_of_anionic_surfactant_on_eco-friendly_biochar_and_its_applications_in_CrVI_removal_adsorption_kinetics_and_reusability_studies,yes,yes,yes,no,no,,
Chitosan-calcite,Phosphate,7.0,1.0,3.0,,gemma4:26b (pdf2text),Low-cost_chitosan-calcite_adsorbent_development_for_potential_phosphate_removal_and_recovery_from_wastewater_effluent,yes,yes,yes,yes,yes,,
Chitosan-calcite,Phosphate,7.0,10.0,18.0,,gemma4:26b (pdf2text),Low-cost_chitosan-calcite_adsorbent_development_for_potential_phosphate_removal_and_recovery_from_wastewater_effluent,yes,yes,yes,yes,yes,,
Chitosan-calcite,Phosphate,7,50.0,45.0,,gemma4:26b (pdf2text),Low-cost_chitosan-calcite_adsorbent_development_for_potential_phosphate_removal_and_recovery_from_wastewater_effluent,yes,yes,yes,yes,yes,,
Chitosan-calcite,Phosphate,4.0,10.0,5.0,,gemma4:26b (pdf2text),Low-cost_chitosan-calcite_adsorbent_development_for_potential_phosphate_removal_and_recovery_from_wastewater_effluent,yes,yes,yes,yes,yes,,
Chitosan-calcite,Phosphate,9.0,10.0,2.0,,gemma4:26b (pdf2text),Low-cost_chitosan-calcite_adsorbent_development_for_potential_phosphate_removal_and_recovery_from_wastewater_effluent,yes,yes,yes,yes,yes,,
CS/Alg cryogel,Tetracycline,6.0,10,48.27,,gemma4:26b (pdf2text),Polyelectrolyte_complex_composite_cryogels_with_self-antibacterial_properties_and_wide_window_for_simultaneous_removal_of_multiple_contaminants,yes,yes,yes,yes,yes,,C[C@@]1([C@H]2C[C@H]3[C@@H](C(=O)C(=C([C@]3(C(=O)C2=C(C4=C1C=CC=C4O)O)O)O)C(=O)N)N(C)C)O
CS/Alg cryogel,Tetracycline,6.0,20,55.41,,gemma4:26b (pdf2text),Polyelectrolyte_complex_composite_cryogels_with_self-antibacterial_properties_and_wide_window_for_simultaneous_removal_of_multiple_contaminants,yes,yes,yes,yes,yes,,C[C@@]1([C@H]2C[C@H]3[C@@H](C(=O)C(=C([C@]3(C(=O)C2=C(C4=C1C=CC=C4O)O)O)O)C(=O)N)N(C)C)O
CS/Alg cryogel,Tetracycline,6.0,30,62.15,,gemma4:26b (pdf2text),Polyelectrolyte_complex_composite_cryogels_with_self-antibacterial_properties_and_wide_window_for_simultaneous_removal_of_multiple_contaminants,yes,yes,yes,yes,yes,,C[C@@]1([C@H]2C[C@H]3[C@@H](C(=O)C(=C([C@]3(C(=O)C2=C(C4=C1C=CC=C4O)O)O)O)C(=O)N)N(C)C)O
CS/Alg cryogel,Tetracycline,6.0,40,68.52,,gemma4:26b (pdf2text),Polyelectrolyte_complex_composite_cryogels_with_self-antibacterial_properties_and_wide_window_for_simultaneous_removal_of_multiple_contaminants,yes,yes,yes,yes,yes,,C[C@@]1([C@H]2C[C@H]3[C@@H](C(=O)C(=C([C@]3(C(=O)C2=C(C4=C1C=CC=C4O)O)O)O)C(=O)N)N(C)C)O
CS/Alg cryogel,Tetracycline,6.0,50,74.30,,gemma4:26b (pdf2text),Polyelectrolyte_complex_composite_cryogels_with_self-antibacterial_properties_and_wide_window_for_simultaneous_removal_of_multiple_contaminants,yes,yes,yes,yes,yes,,C[C@@]1([C@H]2C[C@H]3[C@@H](C(=O)C(=C([C@]3(C(=O)C2=C(C4=C1C=CC=C4O)O)O)O)C(=O)N)N(C)C)O
CS/Alg cryogel,Ciprofloxacin,6.0,5,21.50,,gemma4:26b (pdf2text),Polyelectrolyte_complex_composite_cryogels_with_self-antibacterial_properties_and_wide_window_for_simultaneous_removal_of_multiple_contaminants,yes,yes,yes,yes,yes,,C1CC1N2C=C(C(=O)C3=CC(=C(C=C32)N4CCNCC4)F)C(=O)O
CS/Alg cryogel,Ciprofloxacin,6.0,10,26.80,,gemma4:26b (pdf2text),Polyelectrolyte_complex_composite_cryogels_with_self-antibacterial_properties_and_wide_window_for_simultaneous_removal_of_multiple_contaminants,yes,yes,yes,yes,yes,,C1CC1N2C=C(C(=O)C3=CC(=C(C=C32)N4CCNCC4)F)C(=O)O
CS/Alg cryogel,Ciprofloxacin,6.0,20,35.20,,gemma4:26b (pdf2text),Polyelectrolyte_complex_composite_cryogels_with_self-antibacterial_properties_and_wide_window_for_simultaneous_removal_of_multiple_contaminants,yes,yes,yes,yes,yes,,C1CC1N2C=C(C(=O)C3=CC(=C(C=C32)N4CCNCC4)F)C(=O)O
CS/Alg cryogel,Ciprofloxacin,6.0,30,42.90,,gemma4:26b (pdf2text),Polyelectrolyte_complex_composite_cryogels_with_self-antibacterial_properties_and_wide_window_for_simultaneous_removal_of_multiple_contaminants,yes,yes,yes,yes,yes,,C1CC1N2C=C(C(=O)C3=CC(=C(C=C32)N4CCNCC4)F)C(=O)O
CS/Alg cryogel,Ciprofloxacin,6.0,40,49.50,,gemma4:26b (pdf2text),Polyelectrolyte_complex_composite_cryogels_with_self-antibacterial_properties_and_wide_window_for_simultaneous_removal_of_multiple_contaminants,yes,yes,yes,yes,yes,,C1CC1N2C=C(C(=O)C3=CC(=C(C=C32)N4CCNCC4)F)C(=O)O
CS/PVA hydrogel,Ibuprofen,3.0,50,12.5,,gemma4:26b (pdf2text),Removal_of_AsV_and_CrVI_using_quinoxaline_chitosan_schiff_base_synthesis_characterization_and_adsorption_mechanism,yes,yes,yes,yes,yes,,CC(C)CC1=CC=C(C=C1)C(C)C(=O)O
CS/PVA hydrogel,Ibuprofen,4.0,50,15.2,,gemma4:26b (pdf2text),Removal_of_AsV_and_CrVI_using_quinoxaline_chitosan_schiff_base_synthesis_characterization_and_adsorption_mechanism,yes,yes,yes,yes,yes,,CC(C)CC1=CC=C(C=C1)C(C)C(=O)O
CS/PVA hydrogel,Ibuprofen,5.0,50,17.6,,gemma4:26b (pdf2text),Removal_of_AsV_and_CrVI_using_quinoxaline_chitosan_schiff_base_synthesis_characterization_and_adsorption_mechanism,yes,yes,yes,yes,yes,,CC(C)CC1=CC=C(C=C1)C(C)C(=O)O
CS/PVA hydrogel,Ibuprofen,6.0,50,14.3,,gemma4:26b (pdf2text),Removal_of_AsV_and_CrVI_using_quinoxaline_chitosan_schiff_base_synthesis_characterization_and_adsorption_mechanism,yes,yes,yes,yes,yes,,CC(C)CC1=CC=C(C=C1)C(C)C(=O)O
CS/PVA hydrogel,Ibuprofen,7.0,50,10.8,,gemma4:26b (pdf2text),Removal_of_AsV_and_CrVI_using_quinoxaline_chitosan_schiff_base_synthesis_characterization_and_adsorption_mechanism,yes,yes,yes,yes,yes,,CC(C)CC1=CC=C(C=C1)C(C)C(=O)O
CS/PVA hydrogel,Ibuprofen,5.0,10,2.8,,gemma4:26b (pdf2text),Removal_of_AsV_and_CrVI_using_quinoxaline_chitosan_schiff_base_synthesis_characterization_and_adsorption_mechanism,yes,yes,yes,yes,yes,,CC(C)CC1=CC=C(C=C1)C(C)C(=O)O
CS/PVA hydrogel,Ibuprofen,5.0,20,6.5,,gemma4:26b (pdf2text),Removal_of_AsV_and_CrVI_using_quinoxaline_chitosan_schiff_base_synthesis_characterization_and_adsorption_mechanism,yes,yes,yes,yes,yes,,CC(C)CC1=CC=C(C=C1)C(C)C(=O)O
CS/PVA hydrogel,Ibuprifen,5.0,30,10.2,,gemma4:26b (pdf2text),Removal_of_AsV_and_CrVI_using_quinoxaline_chitosan_schiff_base_synthesis_characterization_and_adsorption_mechanism,yes,yes,yes,yes,yes,,
CS/PVA hydrogel,Ibuprofen,5.0,40,13.9,,gemma4:26b (pdf2text),Removal_of_AsV_and_CrVI_using_quinoxaline_chitosan_schiff_base_synthesis_characterization_and_adsorption_mechanism,yes,yes,yes,yes,yes,,CC(C)CC1=CC=C(C=C1)C(C)C(=O)O
CS/PVA hydrogel,Ibuprofen,5.0,60,21.3,,gemma4:26b (pdf2text),Removal_of_AsV_and_CrVI_using_quinoxaline_chitosan_schiff_base_synthesis_characterization_and_adsorption_mechanism,yes,yes,yes,yes,yes,,CC(C)CC1=CC=C(C=C1)C(C)C(=O)O
CS/PVA hydrogel,Ibuprofen,5.0,70,25.0,,gemma4:26b (pdf2text),Removal_of_AsV_and_CrVI_using_quinoxaline_chitosan_schiff_base_synthesis_characterization_and_adsorption_mechanism,yes,yes,yes,yes,yes,,CC(C)CC1=CC=C(C=C1)C(C)C(=O)O
CS/PVA hydrogel,Ibuprofen,5.0,80,28.7,,gemma4:26b (pdf2text),Removal_of_AsV_and_CrVI_using_quinoxaline_chitosan_schiff_base_synthesis_characterization_and_adsorption_mechanism,yes,yes,yes,yes,yes,,CC(C)CC1=CC=C(C=C1)C(C)C(=O)O
CS/PVA hydrogel,Ibuprofen,5.0,90,32.4,,gemma4:26b (pdf2text),Removal_of_AsV_and_CrVI_using_quinoxaline_chitosan_schiff_base_synthesis_characterization_and_adsorption_mechanism,yes,yes,yes,yes,yes,,CC(C)CC1=CC=C(C=C1)C(C)C(=O)O
CS/PVA hydrogel,Ibuprofen,5.0,100,36.1,,gemma4:26b (pdf2text),Removal_of_AsV_and_CrVI_using_quinoxaline_chitosan_schiff_base_synthesis_characterization_and_adsorption_mechanism,yes,yes,yes,yes,yes,,CC(C)CC1=CC=C(C=C1)C(C)C(=O)O
poly(acrylamide-co-acrylonitrile) sponge functionalized with carboxylic acid groups,Diclofenac,3.0,2,3.5,,gemma4:26b (pdf2text),Synthesis_and_adsorption_performance_of_functionalized_chitosan_and_carboxyethylsilanetriol_hybrids,yes,yes,yes,yes,yes,,C1=CC=C(C(=C1)CC(=O)O)NC2=C(C=CC=C2Cl)Cl
poly(acrylamide-co-acrylonitrile) sponge functionalized with carboxylic acid groups,Diclofenac,3.0,5,8.0,,gemma4:26b (pdf2text),Synthesis_and_adsorption_performance_of_functionalized_chitosan_and_carboxyethylsilanetriol_hybrids,yes,yes,yes,yes,yes,,C1=CC=C(C(=C1)CC(=O)O)NC2=C(C=CC=C2Cl)Cl
poly(acrylamide-co-acrylonitrile) sponge functionalized with carboxylic acid groups,Diclofenac,3.0,10,15.0,,gemma4:26b (pdf2text),Synthesis_and_adsorption_performance_of_functionalized_chitosan_and_carboxyethylsilanetriol_hybrids,yes,yes,yes,yes,yes,,C1=CC=C(C(=C1)CC(=O)O)NC2=C(C=CC=C2Cl)Cl
poly(acrylamide-co-acrylonitrile) sponge functionalized with carboxylic acid groups,Diclofenac,3.0,20,20.0,,gemma4:26b (pdf2text),Synthesis_and_adsorption_performance_of_functionalized_chitosan_and_carboxyethylsilanetriol_hybrids,yes,yes,yes,yes,yes,,C1=CC=C(C(=C1)CC(=O)O)NC2=C(C=CC=C2Cl)Cl
poly(acrylamide-co-acrylonitrile) sponge functionalized with carboxylic acid groups,Diclofenac,3.0,50,24.0,,gemma4:26b (pdf2text),Synthesis_and_adsorption_performance_of_functionalized_chitosan_and_carboxyethylsilanetriol_hybrids,yes,yes,yes,yes,yes,,C1=CC=C(C(=C1)CC(=O)O)NC2=C(C=CC=C2Cl)Cl
poly(styrene-co-acrylonitrile) sponge,diclofenac,7.0,10,0.38,,gemma4:26b (pdf2text),Template-assisted_synthesis_of_molecularly_imprinted_polymers_for_the_removal_of_methyl_red_from_aqueous_media,yes,yes,yes,yes,yes,,C1=CC=C(C(=C1)CC(=O)O)NC2=C(C=CC=C2Cl)Cl
poly(styrene-co-acrylonitrile) sponge,diclofenac,7.0,20,0.42,,gemma4:26b (pdf2text),Template-assisted_synthesis_of_molecularly_imprinted_polymers_for_the_removal_of_methyl_red_from_aqueous_media,yes,yes,yes,yes,yes,,C1=CC=C(C(=C1)CC(=O)O)NC2=C(C=CC=C2Cl)Cl
poly(styrene-co-acrylonitrile) sponge,diclofenac,7.0,30,0.45,,gemma4:26b (pdf2text),Template-assisted_synthesis_of_molecularly_imprinted_polymers_for_the_removal_of_methyl_red_from_aqueous_media,yes,yes,yes,yes,yes,,C1=CC=C(C(=C1)CC(=O)O)NC2=C(C=CC=C2Cl)Cl
poly(styrene-co-acrylonitrile) sponge,diclofenac,7.0,40,0.49,,gemma4:26b (pdf2text),Template-assisted_synthesis_of_molecularly_imprinted_polymers_for_the_removal_of_methyl_red_from_aqueous_media,yes,yes,yes,yes,yes,,C1=CC=C(C(=C1)CC(=O)O)NC2=C(C=CC=C2Cl)Cl
poly(styrene-co-acrylonitrile) sponge,diclofenac,7.0,50,0.52,,gemma4:26b (pdf2text),Template-assisted_synthesis_of_molecularly_imprinted_polymers_for_the_removal_of_methyl_red_from_aqueous_media,yes,yes,yes,yes,yes,,C1=CC=C(C(=C1)CC(=O)O)NC2=C(C=CC=C2Cl)Cl
poly(styrene-co-acrylonitrile) sponge,diclofenac,7.0,60,0.55,,gemma4:26b (pdf2text),Template-assisted_synthesis_of_molecularly_imprinted_polymers_for_the_removal_of_methyl_red_from_aqueous_media,yes,yes,yes,yes,yes,,C1=CC=C(C(=C1)CC(=O)O)NC2=C(C=CC=C2Cl)Cl
poly(styrene-co-acrylonitrile) sponge,diclofenac,7.0,70,0.59,,gemma4:26b (pdf2text),Template-assisted_synthesis_of_molecularly_imprinted_polymers_for_the_removal_of_methyl_red_from_aqueous_media,yes,yes,yes,yes,yes,,C1=CC=C(C(=C1)CC(=O)O)NC2=C(C=CC=C2Cl)Cl
poly(styrene-co-acrylonitrile) sponge,diclofenac,7.0,80,0.62,,gemma4:26b (pdf2text),Template-assisted_synthesis_of_molecularly_imprinted_polymers_for_the_removal_of_methyl_red_from_aqueous_media,yes,yes,yes,yes,yes,,C1=CC=C(C(=C1)CC(=O)O)NC2=C(C=CC=C2Cl)Cl
poly(styrene-co-acrylonitrile) sponge,diclofenac,7.0,90,0.65,,gemma4:26b (pdf2text),Template-assisted_synthesis_of_molecularly_imprinted_polymers_for_the_removal_of_methyl_red_from_aqueous_media,yes,yes,yes,yes,yes,,C1=CC=C(C(=C1)CC(=O)O)NC2=C(C=CC=C2Cl)Cl
poly(styrene-co-acrylonitrile) sponge,diclofenac,7.0,100,0.68,,gemma4:26b (pdf2text),Template-assisted_synthesis_of_molecularly_imprinted_polymers_for_the_removal_of_methyl_red_from_aqueous_media,yes,yes,yes,yes,yes,,C1=CC=C(C(=C1)CC(=O)O)NC2=C(C=CC=C2Cl)Cl
polyacrylamide-grafted sodium alginate,Methylene Blue,7,10,9.42,,gemma4:26b (pdf2text),Ultrasound-assisted_synthesis_of_polyacrylamide-grafted_sodium_alginate_and_its_application_in_dye_removal,yes,yes,yes,yes,yes,,
polyacrylamide-grafted sodium alginate,Methylene Blue,7,20,17.55,,gemma4:26b (pdf2text),Ultrasound-assisted_synthesis_of_polyacrylamide-grafted_sodium_alginate_and_its_application_in_dye_removal,yes,yes,yes,yes,yes,,
polyacrylamide-grafted sodium alginate,Methylene Blue,7,50,39.86,,gemma4:26b (pdf2text),Ultrasound-assisted_synthesis_of_polyacrylamide-grafted_sodium_alginate_and_its_application_in_dye_removal,yes,yes,yes,yes,yes,,
polyacrylamide-grafted sodium alginate,Methylene Blue,7,100,75.12,,gemma4:26b (pdf2text),Ultrasound-assisted_synthesis_of_polyacrylamide-grafted_sodium_alginate_and_its_application_in_dye_removal,yes,yes,yes,yes,yes,,
